order_id,product_id,category,payment,pincode,outcome,matured
o00001,kurti,ethnic,cod,360098,kept,1
o00002,kurti,ethnic,prepaid,110038,returned,1
o00003,kurti,ethnic,cod,700077,kept,1
o00004,kurti,ethnic,prepaid,560044,kept,1
o00005,kurti,ethnic,cod,700098,kept,1
o00006,kurti,ethnic,cod,700086,kept,1
o00007,kurti,ethnic,cod,360048,kept,1
o00008,kurti,ethnic,cod,700047,kept,1
o00009,kurti,ethnic,cod,395083,kept,1
o00010,kurti,ethnic,cod,110071,kept,1
o00011,kurti,ethnic,cod,395029,kept,1
o00012,kurti,ethnic,cod,395081,kept,1
o00013,kurti,ethnic,cod,700058,kept,1
o00014,kurti,ethnic,cod,110082,kept,1
o00015,kurti,ethnic,cod,360090,kept,1
o00016,kurti,ethnic,cod,395030,kept,1
o00017,kurti,ethnic,cod,360046,kept,1
o00018,kurti,ethnic,prepaid,110090,kept,1
o00019,kurti,ethnic,prepaid,360092,returned,1
o00020,kurti,ethnic,cod,110086,returned,1
o00021,kurti,ethnic,cod,110099,kept,1
o00022,kurti,ethnic,cod,700015,kept,1
o00023,kurti,ethnic,prepaid,360096,returned,1
o00024,kurti,ethnic,cod,110083,kept,1
o00025,kurti,ethnic,prepaid,110033,kept,0
o00026,kurti,ethnic,cod,560054,kept,1
o00027,kurti,ethnic,cod,560098,kept,1
o00028,kurti,ethnic,cod,395068,kept,1
o00029,kurti,ethnic,cod,700010,kept,1
o00030,kurti,ethnic,cod,110089,kept,1
o00031,kurti,ethnic,cod,700026,kept,0
o00032,kurti,ethnic,cod,700040,kept,1
o00033,kurti,ethnic,cod,560021,rto,1
o00034,kurti,ethnic,prepaid,360073,kept,0
o00035,kurti,ethnic,cod,560070,kept,1
o00036,kurti,ethnic,cod,700027,kept,1
o00037,kurti,ethnic,cod,700044,kept,1
o00038,kurti,ethnic,cod,560029,kept,1
o00039,kurti,ethnic,cod,560068,kept,0
o00040,kurti,ethnic,prepaid,560039,kept,1
o00041,kurti,ethnic,cod,560059,kept,0
o00042,kurti,ethnic,prepaid,395026,kept,1
o00043,kurti,ethnic,cod,560022,kept,1
o00044,kurti,ethnic,cod,360019,kept,1
o00045,kurti,ethnic,prepaid,395052,kept,1
o00046,kurti,ethnic,prepaid,560079,kept,1
o00047,kurti,ethnic,cod,360021,kept,1
o00048,kurti,ethnic,cod,560031,kept,1
o00049,kurti,ethnic,prepaid,110055,kept,1
o00050,kurti,ethnic,cod,360031,kept,1
o00051,kurti,ethnic,cod,560084,kept,1
o00052,kurti,ethnic,cod,395069,kept,0
o00053,kurti,ethnic,cod,110085,kept,1
o00054,kurti,ethnic,prepaid,110035,kept,0
o00055,kurti,ethnic,prepaid,110083,kept,1
o00056,kurti,ethnic,cod,560045,rto,1
o00057,kurti,ethnic,prepaid,700073,kept,1
o00058,kurti,ethnic,prepaid,110038,kept,1
o00059,kurti,ethnic,cod,360090,kept,1
o00060,kurti,ethnic,cod,560014,rto,1
o00061,kurti,ethnic,prepaid,560032,kept,1
o00062,kurti,ethnic,prepaid,700044,kept,1
o00063,kurti,ethnic,cod,110053,kept,1
o00064,kurti,ethnic,cod,360096,rto,1
o00065,kurti,ethnic,prepaid,110021,kept,1
o00066,kurti,ethnic,cod,110084,kept,1
o00067,kurti,ethnic,cod,560013,kept,1
o00068,kurti,ethnic,prepaid,395091,kept,1
o00069,kurti,ethnic,prepaid,360015,kept,0
o00070,kurti,ethnic,cod,700027,returned,1
o00071,kurti,ethnic,cod,700063,kept,1
o00072,kurti,ethnic,prepaid,560088,kept,1
o00073,kurti,ethnic,prepaid,560066,kept,0
o00074,kurti,ethnic,prepaid,700092,kept,1
o00075,kurti,ethnic,cod,560021,kept,1
o00076,kurti,ethnic,cod,110041,returned,0
o00077,kurti,ethnic,prepaid,700036,kept,1
o00078,kurti,ethnic,prepaid,700010,kept,1
o00079,kurti,ethnic,prepaid,360024,kept,1
o00080,kurti,ethnic,cod,360085,rto,1
o00081,kurti,ethnic,cod,560077,rto,1
o00082,kurti,ethnic,cod,700023,kept,1
o00083,kurti,ethnic,cod,700048,kept,1
o00084,kurti,ethnic,prepaid,560064,kept,1
o00085,kurti,ethnic,cod,395051,returned,1
o00086,kurti,ethnic,cod,700051,kept,1
o00087,kurti,ethnic,cod,560022,kept,1
o00088,kurti,ethnic,cod,700037,kept,1
o00089,kurti,ethnic,prepaid,560063,kept,1
o00090,kurti,ethnic,cod,360097,kept,0
o00091,kurti,ethnic,cod,395057,returned,1
o00092,kurti,ethnic,cod,110095,kept,1
o00093,kurti,ethnic,cod,395046,kept,1
o00094,kurti,ethnic,cod,560038,kept,1
o00095,kurti,ethnic,cod,110083,returned,1
o00096,kurti,ethnic,cod,700088,kept,1
o00097,kurti,ethnic,cod,110013,kept,1
o00098,kurti,ethnic,prepaid,395033,kept,1
o00099,kurti,ethnic,cod,395021,kept,1
o00100,kurti,ethnic,cod,110049,kept,1
o00101,kurti,ethnic,prepaid,395029,returned,1
o00102,kurti,ethnic,cod,560072,kept,1
o00103,kurti,ethnic,cod,110065,kept,1
o00104,kurti,ethnic,cod,110015,kept,1
o00105,kurti,ethnic,prepaid,360027,kept,1
o00106,kurti,ethnic,cod,560032,kept,1
o00107,kurti,ethnic,cod,110019,kept,1
o00108,kurti,ethnic,prepaid,395050,kept,1
o00109,kurti,ethnic,cod,395061,kept,1
o00110,kurti,ethnic,cod,110021,kept,1
o00111,kurti,ethnic,cod,395060,kept,1
o00112,kurti,ethnic,prepaid,395075,kept,1
o00113,kurti,ethnic,cod,110092,kept,1
o00114,kurti,ethnic,cod,700029,kept,1
o00115,kurti,ethnic,cod,560069,kept,1
o00116,kurti,ethnic,prepaid,700092,kept,1
o00117,kurti,ethnic,cod,360066,kept,1
o00118,kurti,ethnic,cod,395055,kept,1
o00119,kurti,ethnic,cod,110019,returned,1
o00120,kurti,ethnic,prepaid,560069,kept,1
o00121,kurti,ethnic,prepaid,700093,returned,1
o00122,kurti,ethnic,cod,560023,kept,1
o00123,kurti,ethnic,prepaid,360015,returned,1
o00124,kurti,ethnic,cod,360056,kept,1
o00125,kurti,ethnic,cod,700016,kept,1
o00126,kurti,ethnic,cod,395081,rto,1
o00127,kurti,ethnic,cod,700029,kept,1
o00128,kurti,ethnic,cod,560026,kept,1
o00129,kurti,ethnic,prepaid,110026,kept,1
o00130,kurti,ethnic,prepaid,700021,kept,1
o00131,kurti,ethnic,cod,360037,kept,1
o00132,kurti,ethnic,prepaid,360019,kept,1
o00133,kurti,ethnic,prepaid,700014,kept,1
o00134,kurti,ethnic,prepaid,360030,kept,1
o00135,kurti,ethnic,cod,560015,kept,1
o00136,kurti,ethnic,cod,110067,kept,1
o00137,kurti,ethnic,cod,360057,kept,1
o00138,kurti,ethnic,cod,560074,kept,1
o00139,kurti,ethnic,prepaid,360042,kept,1
o00140,kurti,ethnic,cod,700025,kept,1
o00141,kurti,ethnic,prepaid,360065,kept,1
o00142,kurti,ethnic,prepaid,395063,kept,1
o00143,kurti,ethnic,cod,110038,kept,1
o00144,kurti,ethnic,prepaid,360027,kept,1
o00145,kurti,ethnic,prepaid,560067,kept,1
o00146,kurti,ethnic,prepaid,360029,rto,1
o00147,kurti,ethnic,prepaid,110040,returned,1
o00148,kurti,ethnic,cod,560018,kept,1
o00149,kurti,ethnic,prepaid,700083,returned,1
o00150,kurti,ethnic,cod,360083,kept,1
o00151,kurti,ethnic,cod,110018,rto,0
o00152,kurti,ethnic,cod,395059,kept,1
o00153,kurti,ethnic,cod,395055,kept,1
o00154,kurti,ethnic,cod,700052,kept,1
o00155,kurti,ethnic,cod,560099,kept,1
o00156,kurti,ethnic,cod,560014,kept,1
o00157,kurti,ethnic,cod,110075,returned,1
o00158,kurti,ethnic,prepaid,360046,returned,1
o00159,kurti,ethnic,prepaid,395057,kept,1
o00160,kurti,ethnic,cod,110033,kept,1
o00161,kurti,ethnic,cod,395064,kept,1
o00162,kurti,ethnic,cod,110023,kept,1
o00163,kurti,ethnic,cod,560031,kept,1
o00164,kurti,ethnic,cod,110088,rto,0
o00165,kurti,ethnic,cod,395095,kept,1
o00166,kurti,ethnic,cod,395028,kept,1
o00167,kurti,ethnic,cod,360092,kept,1
o00168,kurti,ethnic,cod,560057,kept,1
o00169,kurti,ethnic,prepaid,560050,kept,1
o00170,kurti,ethnic,cod,560076,kept,1
o00171,kurti,ethnic,cod,560037,kept,0
o00172,kurti,ethnic,cod,395027,kept,1
o00173,kurti,ethnic,cod,395097,kept,0
o00174,kurti,ethnic,prepaid,700079,kept,1
o00175,kurti,ethnic,cod,360056,kept,1
o00176,kurti,ethnic,cod,560013,kept,1
o00177,kurti,ethnic,cod,360088,kept,1
o00178,kurti,ethnic,cod,560077,kept,1
o00179,kurti,ethnic,cod,110092,kept,1
o00180,kurti,ethnic,cod,700091,kept,1
o00181,kurti,ethnic,prepaid,395025,kept,1
o00182,kurti,ethnic,cod,360054,kept,0
o00183,kurti,ethnic,cod,360091,returned,0
o00184,kurti,ethnic,cod,395074,kept,1
o00185,kurti,ethnic,cod,700087,kept,1
o00186,kurti,ethnic,prepaid,395015,kept,0
o00187,kurti,ethnic,prepaid,700063,kept,1
o00188,kurti,ethnic,cod,110071,kept,1
o00189,kurti,ethnic,prepaid,395030,kept,1
o00190,kurti,ethnic,cod,110050,kept,1
o00191,kurti,ethnic,prepaid,110075,kept,1
o00192,kurti,ethnic,cod,360028,kept,1
o00193,kurti,ethnic,cod,360030,kept,1
o00194,kurti,ethnic,prepaid,360073,kept,0
o00195,kurti,ethnic,cod,395060,kept,1
o00196,kurti,ethnic,prepaid,395046,kept,1
o00197,kurti,ethnic,prepaid,700011,kept,1
o00198,kurti,ethnic,cod,560056,kept,1
o00199,kurti,ethnic,cod,110019,kept,1
o00200,kurti,ethnic,cod,700097,kept,1
o00201,kurti,ethnic,cod,110053,rto,1
o00202,kurti,ethnic,cod,560074,kept,1
o00203,kurti,ethnic,cod,700068,kept,1
o00204,kurti,ethnic,prepaid,110030,kept,1
o00205,kurti,ethnic,cod,700075,kept,1
o00206,kurti,ethnic,prepaid,110052,kept,1
o00207,kurti,ethnic,prepaid,395086,kept,1
o00208,kurti,ethnic,prepaid,700039,kept,1
o00209,kurti,ethnic,cod,700058,kept,1
o00210,kurti,ethnic,cod,395034,rto,1
o00211,kurti,ethnic,cod,560074,kept,1
o00212,kurti,ethnic,prepaid,395027,kept,1
o00213,kurti,ethnic,cod,560050,kept,0
o00214,kurti,ethnic,cod,110088,kept,1
o00215,kurti,ethnic,prepaid,110046,kept,1
o00216,kurti,ethnic,cod,700045,kept,1
o00217,kurti,ethnic,cod,560054,kept,0
o00218,kurti,ethnic,prepaid,395054,kept,0
o00219,kurti,ethnic,cod,700044,kept,0
o00220,kurti,ethnic,cod,700040,kept,1
o00221,kurti,ethnic,cod,395022,kept,1
o00222,kurti,ethnic,prepaid,395080,kept,0
o00223,kurti,ethnic,cod,560071,kept,1
o00224,kurti,ethnic,prepaid,395021,kept,1
o00225,kurti,ethnic,cod,395032,kept,1
o00226,kurti,ethnic,prepaid,560073,returned,1
o00227,kurti,ethnic,prepaid,395011,kept,1
o00228,kurti,ethnic,cod,560092,kept,1
o00229,kurti,ethnic,cod,560044,kept,1
o00230,kurti,ethnic,cod,110033,kept,1
o00231,kurti,ethnic,cod,360032,kept,1
o00232,kurti,ethnic,cod,110021,kept,1
o00233,kurti,ethnic,cod,360010,kept,1
o00234,kurti,ethnic,cod,110084,kept,1
o00235,kurti,ethnic,cod,395095,kept,1
o00236,kurti,ethnic,cod,110098,kept,1
o00237,kurti,ethnic,prepaid,360027,kept,1
o00238,kurti,ethnic,cod,700070,kept,1
o00239,kurti,ethnic,prepaid,700020,kept,1
o00240,kurti,ethnic,cod,395017,kept,1
o00241,kurti,ethnic,prepaid,360051,kept,1
o00242,kurti,ethnic,cod,560021,kept,1
o00243,kurti,ethnic,cod,360075,rto,1
o00244,kurti,ethnic,cod,110012,kept,1
o00245,kurti,ethnic,prepaid,395064,kept,1
o00246,kurti,ethnic,cod,395070,kept,1
o00247,kurti,ethnic,cod,560057,kept,0
o00248,kurti,ethnic,cod,560020,kept,1
o00249,kurti,ethnic,cod,110025,kept,1
o00250,kurti,ethnic,cod,360010,kept,1
o00251,kurti,ethnic,prepaid,560078,kept,1
o00252,kurti,ethnic,cod,360024,kept,1
o00253,kurti,ethnic,cod,395040,kept,1
o00254,kurti,ethnic,cod,700096,rto,1
o00255,kurti,ethnic,cod,360079,kept,1
o00256,kurti,ethnic,prepaid,110039,kept,1
o00257,kurti,ethnic,prepaid,110040,kept,1
o00258,kurti,ethnic,cod,110045,kept,1
o00259,kurti,ethnic,prepaid,560081,kept,1
o00260,kurti,ethnic,prepaid,700050,kept,1
o00261,kurti,ethnic,cod,700070,kept,1
o00262,kurti,ethnic,cod,560017,kept,1
o00263,kurti,ethnic,prepaid,360042,kept,1
o00264,kurti,ethnic,cod,395078,kept,1
o00265,kurti,ethnic,cod,700015,kept,1
o00266,kurti,ethnic,cod,700037,kept,1
o00267,kurti,ethnic,prepaid,395037,kept,0
o00268,kurti,ethnic,prepaid,560041,kept,1
o00269,kurti,ethnic,prepaid,110046,kept,1
o00270,kurti,ethnic,cod,700073,kept,1
o00271,kurti,ethnic,prepaid,110036,kept,1
o00272,kurti,ethnic,cod,360012,kept,1
o00273,kurti,ethnic,prepaid,360035,kept,1
o00274,kurti,ethnic,cod,110042,kept,1
o00275,kurti,ethnic,cod,560031,kept,1
o00276,kurti,ethnic,cod,360079,kept,0
o00277,kurti,ethnic,prepaid,395095,kept,1
o00278,kurti,ethnic,cod,395029,kept,1
o00279,kurti,ethnic,cod,700071,kept,1
o00280,kurti,ethnic,cod,395077,kept,1
o00281,kurti,ethnic,cod,560032,kept,1
o00282,kurti,ethnic,cod,700042,kept,1
o00283,kurti,ethnic,cod,560068,kept,1
o00284,kurti,ethnic,prepaid,395093,kept,0
o00285,kurti,ethnic,cod,560058,rto,1
o00286,kurti,ethnic,cod,395073,kept,1
o00287,kurti,ethnic,cod,395077,kept,0
o00288,kurti,ethnic,cod,700070,kept,1
o00289,kurti,ethnic,prepaid,700082,kept,1
o00290,kurti,ethnic,cod,360085,returned,1
o00291,kurti,ethnic,prepaid,110030,kept,1
o00292,kurti,ethnic,cod,700052,kept,1
o00293,kurti,ethnic,prepaid,395074,kept,1
o00294,kurti,ethnic,cod,360019,rto,1
o00295,kurti,ethnic,prepaid,110013,kept,1
o00296,kurti,ethnic,prepaid,700058,kept,1
o00297,kurti,ethnic,cod,700047,returned,1
o00298,kurti,ethnic,prepaid,360059,kept,1
o00299,kurti,ethnic,cod,110066,rto,1
o00300,kurti,ethnic,cod,560081,kept,1
o00301,kurti,ethnic,cod,110080,rto,1
o00302,kurti,ethnic,cod,110062,kept,1
o00303,kurti,ethnic,cod,360083,kept,1
o00304,kurti,ethnic,cod,110073,kept,1
o00305,kurti,ethnic,cod,395056,kept,1
o00306,kurti,ethnic,cod,360068,kept,1
o00307,kurti,ethnic,cod,700058,kept,1
o00308,kurti,ethnic,cod,700027,kept,1
o00309,kurti,ethnic,cod,360060,kept,0
o00310,kurti,ethnic,cod,700041,kept,1
o00311,kurti,ethnic,cod,700035,kept,1
o00312,kurti,ethnic,cod,560036,kept,1
o00313,kurti,ethnic,cod,560096,kept,1
o00314,kurti,ethnic,cod,560058,kept,1
o00315,kurti,ethnic,prepaid,700098,kept,1
o00316,kurti,ethnic,cod,700086,kept,1
o00317,kurti,ethnic,cod,110031,kept,1
o00318,kurti,ethnic,cod,560052,kept,0
o00319,kurti,ethnic,cod,110038,rto,1
o00320,kurti,ethnic,cod,560057,kept,1
o00321,kurti,ethnic,prepaid,110013,kept,1
o00322,kurti,ethnic,cod,360054,returned,1
o00323,kurti,ethnic,cod,560022,kept,1
o00324,kurti,ethnic,cod,395012,kept,1
o00325,kurti,ethnic,cod,360076,kept,1
o00326,kurti,ethnic,cod,360061,kept,1
o00327,kurti,ethnic,cod,700035,kept,1
o00328,kurti,ethnic,cod,360036,rto,1
o00329,kurti,ethnic,prepaid,700033,kept,1
o00330,kurti,ethnic,cod,560077,kept,0
o00331,kurti,ethnic,cod,395054,kept,1
o00332,kurti,ethnic,cod,110088,kept,1
o00333,kurti,ethnic,cod,395033,kept,1
o00334,kurti,ethnic,cod,700059,kept,1
o00335,kurti,ethnic,cod,360081,kept,1
o00336,kurti,ethnic,cod,700016,kept,1
o00337,kurti,ethnic,prepaid,560081,kept,1
o00338,kurti,ethnic,cod,560072,kept,1
o00339,kurti,ethnic,cod,395045,kept,1
o00340,kurti,ethnic,cod,560080,kept,1
o00341,kurti,ethnic,cod,110079,kept,1
o00342,kurti,ethnic,cod,560023,kept,1
o00343,kurti,ethnic,cod,395067,kept,1
o00344,kurti,ethnic,prepaid,395040,kept,1
o00345,kurti,ethnic,prepaid,700090,kept,1
o00346,kurti,ethnic,cod,395082,kept,1
o00347,kurti,ethnic,cod,110047,kept,1
o00348,kurti,ethnic,prepaid,395027,kept,0
o00349,kurti,ethnic,prepaid,360099,kept,1
o00350,kurti,ethnic,cod,560072,kept,1
o00351,kurti,ethnic,cod,395091,kept,1
o00352,kurti,ethnic,prepaid,110068,kept,0
o00353,kurti,ethnic,cod,395068,rto,1
o00354,kurti,ethnic,cod,560037,kept,0
o00355,kurti,ethnic,prepaid,110053,kept,1
o00356,kurti,ethnic,cod,395015,kept,1
o00357,kurti,ethnic,prepaid,360066,kept,1
o00358,kurti,ethnic,prepaid,360093,kept,1
o00359,kurti,ethnic,prepaid,110042,returned,1
o00360,kurti,ethnic,cod,110099,returned,1
o00361,kurti,ethnic,cod,395010,rto,1
o00362,kurti,ethnic,cod,560011,kept,1
o00363,kurti,ethnic,cod,360071,kept,1
o00364,kurti,ethnic,cod,110057,returned,1
o00365,kurti,ethnic,cod,360092,kept,0
o00366,kurti,ethnic,cod,360066,returned,1
o00367,kurti,ethnic,cod,700097,kept,1
o00368,kurti,ethnic,cod,395085,kept,1
o00369,kurti,ethnic,cod,360045,kept,1
o00370,kurti,ethnic,cod,110098,kept,1
o00371,kurti,ethnic,prepaid,700075,kept,1
o00372,kurti,ethnic,cod,360073,kept,1
o00373,kurti,ethnic,cod,395056,returned,0
o00374,kurti,ethnic,cod,110079,kept,1
o00375,kurti,ethnic,prepaid,395085,kept,1
o00376,kurti,ethnic,cod,395060,rto,1
o00377,kurti,ethnic,cod,560020,kept,1
o00378,kurti,ethnic,cod,395075,returned,0
o00379,kurti,ethnic,prepaid,700091,kept,1
o00380,kurti,ethnic,cod,560040,kept,1
o00381,kurti,ethnic,cod,700017,kept,1
o00382,kurti,ethnic,prepaid,360099,returned,1
o00383,kurti,ethnic,cod,110031,kept,1
o00384,kurti,ethnic,prepaid,395013,kept,1
o00385,kurti,ethnic,cod,700090,kept,1
o00386,kurti,ethnic,cod,700031,kept,1
o00387,kurti,ethnic,cod,700096,rto,1
o00388,kurti,ethnic,cod,395041,returned,1
o00389,kurti,ethnic,cod,395080,kept,1
o00390,kurti,ethnic,prepaid,360063,kept,0
o00391,kurti,ethnic,cod,395074,kept,1
o00392,kurti,ethnic,cod,395061,kept,1
o00393,kurti,ethnic,cod,110021,kept,1
o00394,kurti,ethnic,cod,110089,kept,1
o00395,kurti,ethnic,cod,360079,kept,1
o00396,kurti,ethnic,cod,560013,rto,1
o00397,kurti,ethnic,cod,110010,kept,1
o00398,kurti,ethnic,cod,360077,kept,0
o00399,kurti,ethnic,cod,360045,kept,1
o00400,kurti,ethnic,prepaid,110068,kept,0
o00401,lunch,kitchen,cod,560019,kept,1
o00402,lunch,kitchen,cod,110043,kept,1
o00403,lunch,kitchen,prepaid,110050,kept,1
o00404,lunch,kitchen,cod,700023,kept,1
o00405,lunch,kitchen,cod,700055,kept,0
o00406,lunch,kitchen,cod,395021,kept,1
o00407,lunch,kitchen,cod,395037,kept,1
o00408,lunch,kitchen,cod,110060,kept,1
o00409,lunch,kitchen,cod,395061,kept,1
o00410,lunch,kitchen,cod,395027,kept,1
o00411,lunch,kitchen,cod,360061,kept,1
o00412,lunch,kitchen,cod,110019,kept,1
o00413,lunch,kitchen,cod,360021,kept,0
o00414,lunch,kitchen,prepaid,560016,returned,1
o00415,lunch,kitchen,cod,395058,kept,1
o00416,lunch,kitchen,cod,110067,kept,1
o00417,lunch,kitchen,cod,110073,kept,1
o00418,lunch,kitchen,cod,110059,rto,1
o00419,lunch,kitchen,cod,700012,kept,0
o00420,lunch,kitchen,prepaid,560054,kept,0
o00421,lunch,kitchen,cod,110086,kept,1
o00422,lunch,kitchen,prepaid,560077,kept,1
o00423,lunch,kitchen,cod,360094,kept,1
o00424,lunch,kitchen,cod,360083,kept,1
o00425,lunch,kitchen,prepaid,360032,kept,1
o00426,lunch,kitchen,cod,700013,kept,1
o00427,lunch,kitchen,cod,360073,kept,1
o00428,lunch,kitchen,cod,395039,rto,1
o00429,lunch,kitchen,cod,700035,kept,1
o00430,lunch,kitchen,cod,110017,kept,1
o00431,lunch,kitchen,cod,700056,kept,0
o00432,lunch,kitchen,cod,395053,kept,1
o00433,lunch,kitchen,cod,560093,kept,1
o00434,lunch,kitchen,prepaid,700055,kept,1
o00435,lunch,kitchen,cod,110026,kept,1
o00436,lunch,kitchen,cod,700014,kept,1
o00437,lunch,kitchen,cod,700023,kept,0
o00438,lunch,kitchen,cod,110031,kept,1
o00439,lunch,kitchen,prepaid,110067,kept,1
o00440,lunch,kitchen,cod,395010,kept,1
o00441,lunch,kitchen,cod,560073,kept,1
o00442,lunch,kitchen,cod,700093,kept,1
o00443,lunch,kitchen,cod,395047,kept,1
o00444,lunch,kitchen,cod,560030,kept,1
o00445,lunch,kitchen,cod,700088,kept,1
o00446,lunch,kitchen,prepaid,700065,kept,1
o00447,lunch,kitchen,cod,700079,kept,1
o00448,lunch,kitchen,cod,700080,returned,1
o00449,lunch,kitchen,cod,110094,kept,1
o00450,lunch,kitchen,cod,110020,kept,1
o00451,lunch,kitchen,cod,110021,kept,1
o00452,lunch,kitchen,cod,360067,kept,1
o00453,lunch,kitchen,cod,700017,kept,1
o00454,lunch,kitchen,cod,700062,kept,0
o00455,lunch,kitchen,cod,700063,kept,0
o00456,lunch,kitchen,cod,360070,kept,1
o00457,lunch,kitchen,cod,700076,returned,1
o00458,lunch,kitchen,cod,560032,kept,0
o00459,lunch,kitchen,cod,395064,kept,1
o00460,lunch,kitchen,cod,360086,kept,1
o00461,lunch,kitchen,prepaid,560081,kept,1
o00462,lunch,kitchen,cod,395099,kept,1
o00463,lunch,kitchen,cod,360082,kept,1
o00464,lunch,kitchen,prepaid,700022,kept,1
o00465,lunch,kitchen,prepaid,110059,kept,1
o00466,lunch,kitchen,cod,560028,kept,1
o00467,lunch,kitchen,cod,110098,kept,1
o00468,lunch,kitchen,prepaid,395053,kept,1
o00469,lunch,kitchen,cod,395039,kept,1
o00470,lunch,kitchen,prepaid,110063,kept,1
o00471,lunch,kitchen,cod,560072,kept,1
o00472,lunch,kitchen,prepaid,360018,kept,1
o00473,lunch,kitchen,cod,700013,kept,1
o00474,lunch,kitchen,prepaid,395068,kept,1
o00475,lunch,kitchen,cod,560074,kept,1
o00476,lunch,kitchen,prepaid,560086,kept,1
o00477,lunch,kitchen,prepaid,110030,kept,1
o00478,lunch,kitchen,cod,395059,kept,1
o00479,lunch,kitchen,prepaid,360092,kept,1
o00480,lunch,kitchen,cod,395070,kept,0
o00481,lunch,kitchen,cod,110087,returned,1
o00482,lunch,kitchen,cod,560058,kept,1
o00483,lunch,kitchen,cod,700089,kept,1
o00484,lunch,kitchen,cod,110081,kept,1
o00485,lunch,kitchen,cod,395053,kept,0
o00486,lunch,kitchen,cod,110034,kept,1
o00487,lunch,kitchen,prepaid,700061,kept,1
o00488,lunch,kitchen,cod,110043,kept,0
o00489,lunch,kitchen,cod,700034,kept,1
o00490,lunch,kitchen,prepaid,560095,kept,1
o00491,lunch,kitchen,cod,700033,kept,1
o00492,lunch,kitchen,cod,700033,kept,0
o00493,lunch,kitchen,prepaid,360049,kept,1
o00494,lunch,kitchen,prepaid,560025,kept,1
o00495,lunch,kitchen,prepaid,395070,kept,1
o00496,lunch,kitchen,cod,110062,kept,1
o00497,lunch,kitchen,prepaid,560082,kept,1
o00498,lunch,kitchen,prepaid,360020,kept,1
o00499,lunch,kitchen,cod,395067,kept,1
o00500,lunch,kitchen,prepaid,560021,kept,1
o00501,lunch,kitchen,cod,560059,kept,1
o00502,lunch,kitchen,cod,110077,kept,1
o00503,lunch,kitchen,cod,110049,kept,1
o00504,lunch,kitchen,cod,395048,kept,0
o00505,lunch,kitchen,cod,560097,kept,0
o00506,lunch,kitchen,cod,360031,kept,0
o00507,lunch,kitchen,prepaid,360037,kept,1
o00508,lunch,kitchen,cod,395058,kept,1
o00509,lunch,kitchen,cod,395094,returned,1
o00510,lunch,kitchen,prepaid,560058,kept,1
o00511,lunch,kitchen,cod,395048,kept,1
o00512,lunch,kitchen,cod,360063,kept,1
o00513,lunch,kitchen,cod,395023,kept,1
o00514,lunch,kitchen,cod,360055,kept,1
o00515,lunch,kitchen,cod,560036,rto,1
o00516,lunch,kitchen,cod,395024,returned,1
o00517,lunch,kitchen,cod,700019,kept,1
o00518,lunch,kitchen,cod,110043,kept,1
o00519,lunch,kitchen,cod,110056,returned,1
o00520,lunch,kitchen,cod,395011,kept,1
o00521,lunch,kitchen,cod,560089,kept,1
o00522,lunch,kitchen,prepaid,395061,kept,1
o00523,lunch,kitchen,cod,560063,kept,1
o00524,lunch,kitchen,prepaid,395030,kept,1
o00525,lunch,kitchen,prepaid,560033,kept,1
o00526,lunch,kitchen,prepaid,360071,kept,0
o00527,lunch,kitchen,cod,110093,returned,1
o00528,lunch,kitchen,prepaid,700082,kept,1
o00529,lunch,kitchen,prepaid,700022,kept,1
o00530,lunch,kitchen,prepaid,560029,kept,1
o00531,lunch,kitchen,cod,360074,kept,1
o00532,lunch,kitchen,prepaid,560051,kept,1
o00533,lunch,kitchen,prepaid,560061,kept,1
o00534,lunch,kitchen,cod,395073,kept,1
o00535,lunch,kitchen,cod,395061,kept,1
o00536,lunch,kitchen,cod,395087,rto,0
o00537,lunch,kitchen,cod,560053,kept,1
o00538,lunch,kitchen,cod,700089,kept,1
o00539,lunch,kitchen,prepaid,395094,kept,1
o00540,lunch,kitchen,cod,110080,kept,1
o00541,lunch,kitchen,prepaid,360062,kept,1
o00542,lunch,kitchen,cod,560037,kept,1
o00543,lunch,kitchen,prepaid,560015,kept,0
o00544,lunch,kitchen,prepaid,560068,kept,1
o00545,lunch,kitchen,prepaid,700016,kept,1
o00546,lunch,kitchen,cod,360098,kept,1
o00547,lunch,kitchen,prepaid,700087,kept,1
o00548,lunch,kitchen,cod,360045,kept,1
o00549,lunch,kitchen,cod,360062,kept,1
o00550,lunch,kitchen,prepaid,700050,kept,1
o00551,lunch,kitchen,prepaid,700047,kept,1
o00552,lunch,kitchen,prepaid,360074,kept,1
o00553,lunch,kitchen,cod,700071,kept,1
o00554,lunch,kitchen,prepaid,700046,kept,1
o00555,lunch,kitchen,cod,395013,rto,1
o00556,lunch,kitchen,cod,110030,rto,0
o00557,lunch,kitchen,cod,110036,kept,1
o00558,lunch,kitchen,cod,700038,kept,1
o00559,lunch,kitchen,cod,110098,kept,1
o00560,lunch,kitchen,prepaid,110080,kept,1
o00561,lunch,kitchen,prepaid,560038,kept,0
o00562,lunch,kitchen,prepaid,700087,kept,1
o00563,lunch,kitchen,prepaid,395033,kept,0
o00564,lunch,kitchen,prepaid,110081,returned,1
o00565,lunch,kitchen,cod,560029,returned,1
o00566,lunch,kitchen,prepaid,700094,kept,1
o00567,lunch,kitchen,prepaid,110077,kept,1
o00568,lunch,kitchen,cod,700030,rto,1
o00569,lunch,kitchen,cod,360094,kept,1
o00570,lunch,kitchen,cod,700070,kept,0
o00571,lunch,kitchen,prepaid,110067,returned,1
o00572,lunch,kitchen,cod,395097,kept,1
o00573,lunch,kitchen,cod,110079,kept,1
o00574,lunch,kitchen,cod,700075,kept,1
o00575,lunch,kitchen,cod,700020,kept,0
o00576,lunch,kitchen,cod,395090,kept,1
o00577,lunch,kitchen,cod,560023,kept,1
o00578,lunch,kitchen,prepaid,560092,kept,1
o00579,lunch,kitchen,cod,110014,returned,1
o00580,lunch,kitchen,cod,700039,kept,0
o00581,lunch,kitchen,cod,110012,kept,1
o00582,lunch,kitchen,cod,700018,rto,1
o00583,lunch,kitchen,cod,700023,kept,1
o00584,lunch,kitchen,cod,560058,kept,1
o00585,lunch,kitchen,cod,360060,kept,1
o00586,lunch,kitchen,prepaid,110096,kept,1
o00587,lunch,kitchen,prepaid,395080,kept,1
o00588,lunch,kitchen,cod,700086,rto,1
o00589,lunch,kitchen,cod,360054,rto,1
o00590,lunch,kitchen,prepaid,360038,kept,1
o00591,lunch,kitchen,cod,700016,kept,1
o00592,lunch,kitchen,prepaid,700019,kept,1
o00593,lunch,kitchen,cod,560052,kept,1
o00594,lunch,kitchen,cod,395034,kept,1
o00595,lunch,kitchen,cod,700029,kept,1
o00596,lunch,kitchen,cod,395050,kept,1
o00597,lunch,kitchen,cod,110027,kept,1
o00598,lunch,kitchen,cod,110072,kept,1
o00599,lunch,kitchen,cod,360078,kept,1
o00600,lunch,kitchen,prepaid,395074,kept,1
o00601,lunch,kitchen,prepaid,360014,kept,1
o00602,lunch,kitchen,cod,360056,kept,1
o00603,lunch,kitchen,prepaid,360069,kept,1
o00604,lunch,kitchen,cod,360088,returned,1
o00605,lunch,kitchen,prepaid,700082,kept,1
o00606,lunch,kitchen,prepaid,110015,kept,1
o00607,lunch,kitchen,cod,110039,rto,1
o00608,lunch,kitchen,cod,560068,kept,1
o00609,lunch,kitchen,cod,700091,kept,1
o00610,lunch,kitchen,prepaid,360058,kept,1
o00611,lunch,kitchen,cod,700042,kept,1
o00612,lunch,kitchen,prepaid,110072,kept,1
o00613,lunch,kitchen,prepaid,360066,rto,1
o00614,lunch,kitchen,cod,360030,kept,1
o00615,lunch,kitchen,prepaid,110024,kept,1
o00616,lunch,kitchen,cod,560012,kept,1
o00617,lunch,kitchen,cod,700015,kept,1
o00618,lunch,kitchen,cod,700061,kept,1
o00619,lunch,kitchen,cod,110020,rto,1
o00620,lunch,kitchen,cod,360062,kept,1
o00621,lunch,kitchen,prepaid,700043,kept,1
o00622,lunch,kitchen,cod,395039,kept,1
o00623,lunch,kitchen,cod,700074,rto,1
o00624,lunch,kitchen,prepaid,700086,kept,1
o00625,lunch,kitchen,prepaid,560094,kept,1
o00626,lunch,kitchen,cod,560076,kept,1
o00627,lunch,kitchen,prepaid,560058,kept,1
o00628,lunch,kitchen,prepaid,700022,kept,1
o00629,lunch,kitchen,cod,395046,kept,1
o00630,lunch,kitchen,cod,395083,returned,1
o00631,lunch,kitchen,cod,110062,kept,1
o00632,lunch,kitchen,cod,700064,kept,1
o00633,lunch,kitchen,cod,360062,kept,1
o00634,lunch,kitchen,cod,560042,kept,0
o00635,lunch,kitchen,cod,360094,kept,1
o00636,lunch,kitchen,cod,395037,kept,1
o00637,lunch,kitchen,prepaid,395030,kept,1
o00638,lunch,kitchen,cod,560086,kept,1
o00639,lunch,kitchen,cod,395059,kept,0
o00640,lunch,kitchen,cod,700017,kept,0
o00641,lunch,kitchen,prepaid,360094,kept,0
o00642,lunch,kitchen,cod,700076,kept,1
o00643,lunch,kitchen,cod,395030,kept,1
o00644,lunch,kitchen,cod,560085,kept,1
o00645,lunch,kitchen,cod,700046,kept,1
o00646,lunch,kitchen,cod,110038,kept,1
o00647,lunch,kitchen,cod,110032,kept,1
o00648,lunch,kitchen,cod,110053,rto,0
o00649,lunch,kitchen,prepaid,700042,kept,1
o00650,lunch,kitchen,prepaid,110068,kept,1
o00651,lunch,kitchen,prepaid,110018,kept,1
o00652,lunch,kitchen,prepaid,110062,kept,0
o00653,lunch,kitchen,cod,110041,rto,1
o00654,lunch,kitchen,cod,700032,kept,1
o00655,lunch,kitchen,cod,360073,kept,1
o00656,lunch,kitchen,cod,360035,kept,1
o00657,lunch,kitchen,prepaid,395020,kept,1
o00658,lunch,kitchen,cod,700015,kept,1
o00659,lunch,kitchen,cod,700045,kept,1
o00660,lunch,kitchen,prepaid,360083,kept,1
o00661,lunch,kitchen,cod,395074,kept,1
o00662,lunch,kitchen,prepaid,395099,kept,1
o00663,lunch,kitchen,cod,360058,rto,1
o00664,lunch,kitchen,cod,700043,kept,1
o00665,lunch,kitchen,cod,560064,kept,1
o00666,lunch,kitchen,prepaid,110067,kept,1
o00667,lunch,kitchen,cod,395044,kept,1
o00668,lunch,kitchen,cod,360070,kept,1
o00669,lunch,kitchen,cod,700078,kept,1
o00670,lunch,kitchen,prepaid,700016,kept,1
o00671,lunch,kitchen,cod,110070,rto,1
o00672,lunch,kitchen,cod,110081,kept,1
o00673,lunch,kitchen,prepaid,110096,kept,0
o00674,lunch,kitchen,cod,360046,kept,1
o00675,lunch,kitchen,cod,395058,kept,1
o00676,lunch,kitchen,cod,110063,kept,1
o00677,lunch,kitchen,cod,360053,kept,1
o00678,lunch,kitchen,cod,560044,kept,1
o00679,lunch,kitchen,prepaid,700067,kept,1
o00680,lunch,kitchen,cod,360094,rto,1
o00681,lunch,kitchen,prepaid,560023,kept,1
o00682,lunch,kitchen,prepaid,560077,kept,1
o00683,lunch,kitchen,cod,560049,kept,1
o00684,lunch,kitchen,prepaid,700031,kept,1
o00685,lunch,kitchen,cod,560069,kept,0
o00686,lunch,kitchen,cod,700032,kept,1
o00687,lunch,kitchen,cod,560077,kept,1
o00688,lunch,kitchen,cod,360021,kept,1
o00689,lunch,kitchen,cod,395076,kept,1
o00690,lunch,kitchen,prepaid,395098,kept,0
o00691,lunch,kitchen,prepaid,560047,returned,1
o00692,lunch,kitchen,prepaid,700065,kept,1
o00693,lunch,kitchen,cod,560038,kept,1
o00694,lunch,kitchen,cod,700098,kept,1
o00695,lunch,kitchen,cod,560034,kept,1
o00696,lunch,kitchen,cod,700067,kept,1
o00697,lunch,kitchen,cod,395078,returned,1
o00698,lunch,kitchen,prepaid,560011,kept,1
o00699,lunch,kitchen,cod,110073,kept,0
o00700,lunch,kitchen,cod,360017,kept,1
o00701,lunch,kitchen,cod,110058,kept,1
o00702,lunch,kitchen,cod,560041,kept,1
o00703,lunch,kitchen,cod,700095,kept,0
o00704,lunch,kitchen,cod,110030,kept,1
o00705,lunch,kitchen,cod,110071,kept,1
o00706,lunch,kitchen,cod,360024,kept,1
o00707,lunch,kitchen,cod,110084,rto,1
o00708,lunch,kitchen,prepaid,395084,rto,1
o00709,lunch,kitchen,cod,395041,kept,1
o00710,lunch,kitchen,cod,395017,kept,1
o00711,lunch,kitchen,cod,560039,kept,1
o00712,lunch,kitchen,cod,560034,kept,1
o00713,lunch,kitchen,cod,395072,kept,1
o00714,lunch,kitchen,cod,700033,kept,1
o00715,lunch,kitchen,cod,700080,kept,1
o00716,lunch,kitchen,cod,700056,kept,1
o00717,lunch,kitchen,prepaid,395089,kept,1
o00718,lunch,kitchen,prepaid,700059,kept,1
o00719,lunch,kitchen,cod,110051,kept,1
o00720,lunch,kitchen,cod,395026,kept,1
o00721,lunch,kitchen,cod,395083,kept,1
o00722,lunch,kitchen,cod,700042,kept,1
o00723,lunch,kitchen,cod,360093,returned,1
o00724,lunch,kitchen,prepaid,395056,kept,1
o00725,lunch,kitchen,prepaid,395088,kept,1
o00726,lunch,kitchen,cod,110019,rto,0
o00727,lunch,kitchen,prepaid,700059,kept,1
o00728,lunch,kitchen,cod,360081,kept,1
o00729,lunch,kitchen,cod,110096,kept,1
o00730,lunch,kitchen,cod,360080,kept,1
o00731,lunch,kitchen,cod,560055,kept,0
o00732,lunch,kitchen,cod,560091,kept,1
o00733,lunch,kitchen,prepaid,360058,kept,1
o00734,lunch,kitchen,prepaid,560060,kept,1
o00735,lunch,kitchen,cod,360048,returned,1
o00736,lunch,kitchen,prepaid,110080,kept,1
o00737,lunch,kitchen,cod,560055,kept,1
o00738,lunch,kitchen,cod,110048,kept,1
o00739,lunch,kitchen,cod,110071,kept,1
o00740,lunch,kitchen,prepaid,395086,kept,1
o00741,lunch,kitchen,cod,395052,kept,1
o00742,lunch,kitchen,prepaid,360093,kept,1
o00743,lunch,kitchen,prepaid,395049,kept,1
o00744,lunch,kitchen,cod,360029,kept,1
o00745,lunch,kitchen,prepaid,700083,kept,1
o00746,lunch,kitchen,cod,360053,kept,1
o00747,lunch,kitchen,cod,560043,rto,1
o00748,lunch,kitchen,cod,360071,kept,1
o00749,lunch,kitchen,cod,700077,kept,1
o00750,lunch,kitchen,cod,700021,kept,1
o00751,lunch,kitchen,cod,110086,kept,1
o00752,lunch,kitchen,prepaid,560089,kept,1
o00753,lunch,kitchen,cod,110029,kept,1
o00754,lunch,kitchen,prepaid,700028,kept,1
o00755,lunch,kitchen,prepaid,395049,rto,1
o00756,lunch,kitchen,cod,360079,kept,1
o00757,lunch,kitchen,cod,360098,kept,1
o00758,lunch,kitchen,cod,395042,kept,1
o00759,lunch,kitchen,cod,395069,kept,1
o00760,lunch,kitchen,cod,110023,kept,1
o00761,lunch,kitchen,prepaid,560075,kept,0
o00762,lunch,kitchen,cod,700021,kept,1
o00763,lunch,kitchen,cod,395015,kept,1
o00764,lunch,kitchen,cod,360012,kept,1
o00765,lunch,kitchen,cod,700045,kept,1
o00766,lunch,kitchen,cod,395081,kept,0
o00767,lunch,kitchen,cod,360021,kept,1
o00768,lunch,kitchen,cod,360063,kept,1
o00769,lunch,kitchen,cod,110067,kept,1
o00770,lunch,kitchen,cod,360027,kept,1
o00771,lunch,kitchen,prepaid,360093,kept,0
o00772,lunch,kitchen,prepaid,395033,kept,1
o00773,lunch,kitchen,prepaid,560062,kept,1
o00774,lunch,kitchen,prepaid,110029,kept,1
o00775,lunch,kitchen,cod,700088,kept,1
o00776,lunch,kitchen,cod,395055,kept,1
o00777,lunch,kitchen,prepaid,560093,kept,1
o00778,lunch,kitchen,prepaid,360038,kept,1
o00779,lunch,kitchen,prepaid,110062,rto,1
o00780,lunch,kitchen,cod,360066,kept,1
o00781,lunch,kitchen,cod,360064,kept,1
o00782,lunch,kitchen,cod,110060,kept,1
o00783,lunch,kitchen,prepaid,395076,kept,1
o00784,lunch,kitchen,cod,360076,kept,1
o00785,lunch,kitchen,prepaid,395034,kept,1
o00786,lunch,kitchen,cod,560031,kept,1
o00787,lunch,kitchen,cod,700028,rto,1
o00788,lunch,kitchen,cod,700024,rto,1
o00789,lunch,kitchen,cod,560062,kept,1
o00790,lunch,kitchen,cod,360068,kept,1
o00791,lunch,kitchen,cod,360025,kept,1
o00792,lunch,kitchen,prepaid,560075,kept,1
o00793,lunch,kitchen,cod,360052,returned,1
o00794,lunch,kitchen,cod,360016,kept,1
o00795,lunch,kitchen,cod,360025,kept,1
o00796,lunch,kitchen,prepaid,110011,rto,1
o00797,lunch,kitchen,prepaid,560040,returned,1
o00798,lunch,kitchen,cod,700086,kept,1
o00799,lunch,kitchen,prepaid,360016,kept,1
o00800,lunch,kitchen,cod,395095,kept,1
o00801,serum,beauty,cod,395063,kept,0
o00802,serum,beauty,cod,700083,kept,1
o00803,serum,beauty,cod,395021,kept,1
o00804,serum,beauty,cod,560080,kept,1
o00805,serum,beauty,cod,110077,kept,1
o00806,serum,beauty,cod,700090,kept,1
o00807,serum,beauty,cod,110064,kept,1
o00808,serum,beauty,cod,110026,kept,1
o00809,serum,beauty,cod,360088,kept,1
o00810,serum,beauty,cod,560090,kept,1
o00811,serum,beauty,prepaid,560062,kept,1
o00812,serum,beauty,cod,360098,kept,1
o00813,serum,beauty,prepaid,110010,kept,1
o00814,serum,beauty,cod,395032,kept,1
o00815,serum,beauty,prepaid,560014,kept,1
o00816,serum,beauty,cod,700052,kept,1
o00817,serum,beauty,prepaid,700048,kept,1
o00818,serum,beauty,cod,700097,returned,1
o00819,serum,beauty,prepaid,360045,kept,1
o00820,serum,beauty,cod,360083,kept,1
o00821,serum,beauty,cod,110050,rto,1
o00822,serum,beauty,cod,360057,rto,1
o00823,serum,beauty,prepaid,395057,kept,1
o00824,serum,beauty,prepaid,395071,kept,0
o00825,serum,beauty,cod,700049,kept,1
o00826,serum,beauty,cod,700096,kept,0
o00827,serum,beauty,cod,560076,rto,1
o00828,serum,beauty,cod,700021,rto,1
o00829,serum,beauty,prepaid,110012,kept,1
o00830,serum,beauty,cod,360046,kept,1
o00831,serum,beauty,cod,360030,kept,1
o00832,serum,beauty,cod,360079,kept,1
o00833,serum,beauty,cod,110083,kept,1
o00834,serum,beauty,cod,560016,kept,1
o00835,serum,beauty,cod,395021,kept,1
o00836,serum,beauty,cod,560088,kept,1
o00837,serum,beauty,cod,700020,kept,0
o00838,serum,beauty,prepaid,560022,kept,1
o00839,serum,beauty,cod,360038,kept,1
o00840,serum,beauty,prepaid,360099,kept,0
o00841,serum,beauty,cod,560013,kept,1
o00842,serum,beauty,cod,110054,kept,1
o00843,serum,beauty,cod,395051,rto,1
o00844,serum,beauty,cod,700062,kept,1
o00845,serum,beauty,cod,395053,kept,1
o00846,serum,beauty,cod,700053,kept,1
o00847,serum,beauty,cod,700072,kept,1
o00848,serum,beauty,cod,560032,kept,1
o00849,serum,beauty,cod,700058,kept,1
o00850,serum,beauty,cod,360027,rto,1
o00851,serum,beauty,prepaid,360094,returned,1
o00852,serum,beauty,cod,360036,kept,1
o00853,serum,beauty,cod,110065,kept,1
o00854,serum,beauty,prepaid,700075,kept,1
o00855,serum,beauty,cod,700016,kept,1
o00856,serum,beauty,cod,110013,kept,1
o00857,serum,beauty,prepaid,560061,kept,1
o00858,serum,beauty,cod,360081,kept,1
o00859,serum,beauty,prepaid,360027,kept,1
o00860,serum,beauty,cod,560027,kept,1
o00861,serum,beauty,cod,700064,kept,1
o00862,serum,beauty,cod,560055,kept,1
o00863,serum,beauty,cod,560040,rto,1
o00864,serum,beauty,cod,395014,kept,1
o00865,serum,beauty,prepaid,395028,kept,1
o00866,serum,beauty,cod,110069,kept,1
o00867,serum,beauty,cod,395097,kept,1
o00868,serum,beauty,prepaid,110078,kept,1
o00869,serum,beauty,cod,110063,kept,1
o00870,serum,beauty,prepaid,700048,kept,1
o00871,serum,beauty,cod,560084,rto,1
o00872,serum,beauty,cod,700013,kept,1
o00873,serum,beauty,cod,110042,kept,1
o00874,serum,beauty,cod,395087,returned,1
o00875,serum,beauty,cod,360043,kept,1
o00876,serum,beauty,cod,395053,kept,0
o00877,serum,beauty,prepaid,560062,kept,1
o00878,serum,beauty,cod,360083,kept,1
o00879,serum,beauty,cod,395016,kept,1
o00880,serum,beauty,cod,700039,kept,1
o00881,serum,beauty,prepaid,560011,kept,1
o00882,serum,beauty,prepaid,700097,kept,0
o00883,serum,beauty,cod,560088,kept,0
o00884,serum,beauty,prepaid,395042,kept,1
o00885,serum,beauty,cod,700034,kept,1
o00886,serum,beauty,cod,395096,kept,1
o00887,serum,beauty,cod,560054,kept,1
o00888,serum,beauty,cod,395017,returned,0
o00889,serum,beauty,cod,395025,kept,1
o00890,serum,beauty,cod,700033,kept,1
o00891,serum,beauty,cod,395091,kept,1
o00892,serum,beauty,prepaid,110042,kept,1
o00893,serum,beauty,cod,110017,kept,1
o00894,serum,beauty,prepaid,360088,kept,1
o00895,serum,beauty,cod,700065,rto,1
o00896,serum,beauty,cod,395014,kept,1
o00897,serum,beauty,cod,560029,kept,1
o00898,serum,beauty,cod,560044,rto,1
o00899,serum,beauty,cod,560071,returned,1
o00900,serum,beauty,prepaid,700038,kept,1
o00901,serum,beauty,prepaid,700078,kept,0
o00902,serum,beauty,cod,395056,kept,1
o00903,serum,beauty,prepaid,110092,kept,1
o00904,serum,beauty,cod,110099,kept,1
o00905,serum,beauty,cod,560034,kept,1
o00906,serum,beauty,cod,560059,kept,1
o00907,serum,beauty,cod,560012,kept,1
o00908,serum,beauty,cod,395037,kept,1
o00909,serum,beauty,cod,700029,kept,1
o00910,serum,beauty,cod,360072,rto,1
o00911,serum,beauty,cod,360011,kept,1
o00912,serum,beauty,cod,560088,kept,1
o00913,serum,beauty,cod,560086,kept,1
o00914,serum,beauty,cod,560051,kept,1
o00915,serum,beauty,cod,360015,kept,1
o00916,serum,beauty,cod,560031,kept,1
o00917,serum,beauty,cod,395027,kept,1
o00918,serum,beauty,prepaid,395072,kept,1
o00919,serum,beauty,cod,700046,kept,1
o00920,serum,beauty,prepaid,360028,kept,1
o00921,serum,beauty,cod,700098,kept,1
o00922,serum,beauty,cod,110054,kept,1
o00923,serum,beauty,cod,395089,kept,1
o00924,serum,beauty,prepaid,360045,kept,1
o00925,serum,beauty,cod,560073,kept,1
o00926,serum,beauty,cod,110046,rto,1
o00927,serum,beauty,cod,560015,kept,1
o00928,serum,beauty,cod,395072,kept,1
o00929,serum,beauty,cod,700051,kept,1
o00930,serum,beauty,prepaid,395051,kept,1
o00931,serum,beauty,cod,360019,kept,1
o00932,serum,beauty,cod,700068,kept,1
o00933,serum,beauty,cod,110044,kept,1
o00934,serum,beauty,cod,360024,kept,1
o00935,serum,beauty,cod,110087,kept,1
o00936,serum,beauty,prepaid,700080,kept,1
o00937,serum,beauty,cod,360085,kept,1
o00938,serum,beauty,cod,560041,rto,1
o00939,serum,beauty,cod,360083,kept,1
o00940,serum,beauty,cod,560074,rto,1
o00941,serum,beauty,cod,395067,kept,1
o00942,serum,beauty,cod,560037,kept,1
o00943,serum,beauty,cod,560095,kept,1
o00944,serum,beauty,prepaid,395068,kept,1
o00945,serum,beauty,cod,110090,kept,1
o00946,serum,beauty,cod,110077,kept,1
o00947,serum,beauty,cod,700083,kept,1
o00948,serum,beauty,prepaid,395075,kept,0
o00949,serum,beauty,cod,110069,kept,1
o00950,serum,beauty,cod,395081,kept,1
o00951,serum,beauty,cod,395093,kept,1
o00952,serum,beauty,prepaid,360038,kept,1
o00953,serum,beauty,prepaid,395018,kept,1
o00954,serum,beauty,cod,560078,kept,1
o00955,serum,beauty,cod,395034,kept,1
o00956,serum,beauty,cod,360046,rto,0
o00957,serum,beauty,cod,360073,kept,1
o00958,serum,beauty,cod,560097,returned,1
o00959,serum,beauty,cod,395047,kept,1
o00960,serum,beauty,cod,700092,kept,1
o00961,serum,beauty,cod,560085,kept,1
o00962,serum,beauty,cod,700026,kept,1
o00963,serum,beauty,cod,110046,kept,1
o00964,serum,beauty,cod,360089,kept,0
o00965,serum,beauty,prepaid,360030,kept,1
o00966,serum,beauty,cod,110057,kept,1
o00967,serum,beauty,cod,110054,rto,1
o00968,serum,beauty,cod,395013,kept,1
o00969,serum,beauty,cod,110029,kept,1
o00970,serum,beauty,prepaid,110070,kept,1
o00971,serum,beauty,prepaid,360082,kept,1
o00972,serum,beauty,prepaid,560015,kept,1
o00973,serum,beauty,cod,360067,kept,1
o00974,serum,beauty,cod,700038,kept,1
o00975,serum,beauty,prepaid,560096,kept,1
o00976,serum,beauty,cod,110087,kept,1
o00977,serum,beauty,prepaid,360064,kept,1
o00978,serum,beauty,cod,560081,kept,1
o00979,serum,beauty,prepaid,560046,kept,1
o00980,serum,beauty,prepaid,560027,kept,1
o00981,serum,beauty,cod,700052,kept,1
o00982,serum,beauty,prepaid,560091,kept,0
o00983,serum,beauty,cod,360035,kept,1
o00984,serum,beauty,cod,110084,kept,1
o00985,serum,beauty,cod,395029,returned,1
o00986,serum,beauty,prepaid,110063,kept,1
o00987,serum,beauty,prepaid,110073,returned,0
o00988,serum,beauty,cod,700065,kept,1
o00989,serum,beauty,cod,395057,kept,1
o00990,serum,beauty,cod,395028,kept,1
o00991,serum,beauty,prepaid,110056,kept,1
o00992,serum,beauty,prepaid,700091,kept,0
o00993,serum,beauty,cod,395086,kept,1
o00994,serum,beauty,cod,110044,kept,1
o00995,serum,beauty,cod,700055,rto,1
o00996,serum,beauty,cod,560062,kept,1
o00997,serum,beauty,prepaid,360034,kept,1
o00998,serum,beauty,cod,700080,kept,1
o00999,serum,beauty,prepaid,395026,kept,0
o01000,serum,beauty,cod,560086,kept,1
o01001,serum,beauty,prepaid,395038,kept,1
o01002,serum,beauty,cod,360026,kept,0
o01003,serum,beauty,cod,395071,kept,1
o01004,serum,beauty,cod,700085,rto,1
o01005,serum,beauty,cod,395022,kept,1
o01006,serum,beauty,prepaid,360095,kept,1
o01007,serum,beauty,cod,700054,kept,1
o01008,serum,beauty,prepaid,700082,kept,1
o01009,serum,beauty,prepaid,360046,kept,1
o01010,serum,beauty,prepaid,395037,rto,0
o01011,serum,beauty,prepaid,360066,kept,1
o01012,serum,beauty,cod,560037,kept,1
o01013,serum,beauty,cod,560024,kept,1
o01014,serum,beauty,cod,395020,kept,1
o01015,serum,beauty,cod,110097,kept,0
o01016,serum,beauty,cod,560034,kept,1
o01017,serum,beauty,prepaid,110032,kept,1
o01018,serum,beauty,cod,700094,kept,1
o01019,serum,beauty,cod,395031,kept,1
o01020,serum,beauty,prepaid,560025,kept,1
o01021,serum,beauty,cod,700085,kept,1
o01022,serum,beauty,prepaid,560095,kept,1
o01023,serum,beauty,cod,560023,kept,1
o01024,serum,beauty,cod,395022,kept,1
o01025,serum,beauty,prepaid,360058,returned,1
o01026,serum,beauty,cod,395094,kept,1
o01027,serum,beauty,prepaid,560072,kept,1
o01028,serum,beauty,cod,395014,kept,0
o01029,serum,beauty,prepaid,560066,kept,1
o01030,serum,beauty,cod,110031,kept,1
o01031,serum,beauty,cod,395082,kept,1
o01032,serum,beauty,cod,560081,kept,1
o01033,serum,beauty,cod,560088,kept,1
o01034,serum,beauty,prepaid,700015,kept,1
o01035,serum,beauty,cod,110058,kept,1
o01036,serum,beauty,cod,360041,kept,1
o01037,serum,beauty,cod,395049,rto,1
o01038,serum,beauty,cod,560082,returned,1
o01039,serum,beauty,cod,560085,rto,1
o01040,serum,beauty,cod,395072,kept,1
o01041,serum,beauty,cod,110031,kept,1
o01042,serum,beauty,cod,395078,kept,1
o01043,serum,beauty,cod,360089,kept,1
o01044,serum,beauty,cod,110044,kept,1
o01045,serum,beauty,prepaid,395093,kept,1
o01046,serum,beauty,cod,110035,kept,1
o01047,serum,beauty,cod,700033,kept,1
o01048,serum,beauty,cod,560037,kept,1
o01049,serum,beauty,prepaid,700088,kept,1
o01050,serum,beauty,prepaid,395076,kept,1
o01051,serum,beauty,cod,110065,kept,1
o01052,serum,beauty,prepaid,560044,kept,1
o01053,serum,beauty,cod,560040,kept,1
o01054,serum,beauty,cod,560072,kept,1
o01055,serum,beauty,cod,360044,returned,1
o01056,serum,beauty,cod,360092,kept,1
o01057,serum,beauty,prepaid,395050,returned,1
o01058,serum,beauty,prepaid,110095,kept,1
o01059,serum,beauty,cod,360040,kept,1
o01060,serum,beauty,prepaid,700077,kept,1
o01061,serum,beauty,prepaid,110052,kept,1
o01062,serum,beauty,prepaid,560037,kept,1
o01063,serum,beauty,cod,110085,kept,1
o01064,serum,beauty,cod,700064,kept,1
o01065,serum,beauty,cod,360056,kept,1
o01066,serum,beauty,cod,700014,kept,1
o01067,serum,beauty,cod,360042,kept,1
o01068,serum,beauty,cod,395078,kept,1
o01069,serum,beauty,prepaid,560042,kept,1
o01070,serum,beauty,prepaid,360066,kept,1
o01071,serum,beauty,prepaid,395045,kept,1
o01072,serum,beauty,prepaid,560052,kept,1
o01073,serum,beauty,prepaid,110074,kept,1
o01074,serum,beauty,cod,110068,kept,1
o01075,serum,beauty,prepaid,560092,kept,1
o01076,serum,beauty,cod,395024,kept,1
o01077,serum,beauty,cod,360086,kept,1
o01078,serum,beauty,prepaid,360043,kept,1
o01079,serum,beauty,cod,395063,kept,1
o01080,serum,beauty,cod,700038,kept,1
o01081,serum,beauty,cod,360021,kept,0
o01082,serum,beauty,cod,560089,kept,1
o01083,serum,beauty,cod,110031,rto,0
o01084,serum,beauty,cod,560096,kept,1
o01085,serum,beauty,cod,110046,kept,1
o01086,serum,beauty,cod,360046,kept,1
o01087,serum,beauty,cod,395047,kept,0
o01088,serum,beauty,cod,700097,kept,1
o01089,serum,beauty,cod,560097,kept,1
o01090,serum,beauty,cod,395022,kept,1
o01091,serum,beauty,cod,110087,kept,0
o01092,serum,beauty,prepaid,395010,kept,1
o01093,serum,beauty,cod,110026,kept,0
o01094,serum,beauty,cod,700073,kept,0
o01095,serum,beauty,prepaid,700065,kept,1
o01096,serum,beauty,cod,360073,rto,1
o01097,serum,beauty,prepaid,110043,kept,1
o01098,serum,beauty,prepaid,360050,kept,1
o01099,serum,beauty,cod,560016,kept,1
o01100,serum,beauty,cod,360069,kept,1
o01101,serum,beauty,prepaid,110081,kept,1
o01102,serum,beauty,cod,395054,kept,1
o01103,serum,beauty,prepaid,700044,kept,1
o01104,serum,beauty,cod,395077,kept,1
o01105,serum,beauty,cod,560096,kept,1
o01106,serum,beauty,cod,395060,kept,1
o01107,serum,beauty,prepaid,395020,kept,1
o01108,serum,beauty,prepaid,110086,kept,1
o01109,serum,beauty,cod,700067,rto,1
o01110,serum,beauty,prepaid,700026,kept,1
o01111,serum,beauty,cod,395019,kept,1
o01112,serum,beauty,cod,110032,rto,1
o01113,serum,beauty,prepaid,360030,returned,1
o01114,serum,beauty,cod,360025,kept,1
o01115,serum,beauty,prepaid,700026,kept,1
o01116,serum,beauty,cod,560059,kept,1
o01117,serum,beauty,cod,110088,kept,1
o01118,serum,beauty,cod,700053,rto,0
o01119,serum,beauty,cod,560077,kept,1
o01120,serum,beauty,cod,560048,kept,1
o01121,serum,beauty,cod,700064,kept,1
o01122,serum,beauty,cod,395075,rto,1
o01123,serum,beauty,cod,700042,rto,1
o01124,serum,beauty,cod,560032,returned,1
o01125,serum,beauty,prepaid,110050,kept,1
o01126,serum,beauty,cod,110053,kept,0
o01127,serum,beauty,prepaid,700043,kept,1
o01128,serum,beauty,cod,395011,returned,1
o01129,serum,beauty,cod,700072,kept,1
o01130,serum,beauty,prepaid,560048,kept,1
o01131,serum,beauty,cod,360013,kept,1
o01132,serum,beauty,cod,700034,kept,1
o01133,serum,beauty,prepaid,395031,kept,0
o01134,serum,beauty,prepaid,395067,kept,1
o01135,serum,beauty,cod,395052,kept,1
o01136,serum,beauty,cod,560084,kept,1
o01137,serum,beauty,cod,560075,kept,1
o01138,serum,beauty,cod,560039,kept,1
o01139,serum,beauty,cod,395044,kept,1
o01140,serum,beauty,cod,110067,kept,1
o01141,serum,beauty,cod,110066,kept,1
o01142,serum,beauty,cod,700094,kept,1
o01143,serum,beauty,prepaid,560096,kept,1
o01144,serum,beauty,cod,360089,kept,1
o01145,serum,beauty,cod,560026,rto,1
o01146,serum,beauty,cod,560048,kept,1
o01147,serum,beauty,cod,110055,kept,1
o01148,serum,beauty,cod,395053,kept,1
o01149,serum,beauty,cod,110053,kept,1
o01150,serum,beauty,prepaid,360098,kept,1
o01151,serum,beauty,cod,395066,rto,1
o01152,serum,beauty,prepaid,700088,kept,1
o01153,serum,beauty,prepaid,395031,kept,1
o01154,serum,beauty,prepaid,110066,kept,1
o01155,serum,beauty,cod,110052,kept,1
o01156,serum,beauty,cod,395041,kept,1
o01157,serum,beauty,cod,110057,kept,1
o01158,serum,beauty,cod,700063,kept,1
o01159,serum,beauty,cod,560076,kept,1
o01160,serum,beauty,cod,360011,rto,1
o01161,serum,beauty,cod,110050,rto,1
o01162,serum,beauty,prepaid,395094,kept,0
o01163,serum,beauty,cod,700047,kept,1
o01164,serum,beauty,prepaid,110054,kept,1
o01165,serum,beauty,cod,560067,kept,1
o01166,serum,beauty,prepaid,560099,kept,1
o01167,serum,beauty,prepaid,110020,kept,1
o01168,serum,beauty,cod,360076,kept,0
o01169,serum,beauty,cod,700049,rto,1
o01170,serum,beauty,prepaid,700085,returned,1
o01171,serum,beauty,prepaid,700024,kept,1
o01172,serum,beauty,prepaid,395016,kept,1
o01173,serum,beauty,prepaid,395068,kept,1
o01174,serum,beauty,cod,700086,kept,1
o01175,serum,beauty,cod,700096,kept,1
o01176,serum,beauty,cod,700084,kept,1
o01177,serum,beauty,prepaid,560062,kept,1
o01178,serum,beauty,cod,560019,kept,1
o01179,serum,beauty,cod,560043,kept,1
o01180,serum,beauty,cod,560063,kept,1
o01181,serum,beauty,cod,360075,kept,1
o01182,serum,beauty,cod,360081,kept,1
o01183,serum,beauty,prepaid,395057,kept,1
o01184,serum,beauty,cod,110048,kept,1
o01185,serum,beauty,cod,560016,kept,0
o01186,serum,beauty,cod,560010,kept,1
o01187,serum,beauty,cod,700049,kept,1
o01188,serum,beauty,prepaid,700026,kept,1
o01189,serum,beauty,cod,560029,kept,1
o01190,serum,beauty,cod,560059,kept,1
o01191,serum,beauty,cod,560045,kept,1
o01192,serum,beauty,prepaid,110081,kept,1
o01193,serum,beauty,cod,700079,rto,1
o01194,serum,beauty,cod,560074,kept,1
o01195,serum,beauty,cod,395045,kept,1
o01196,serum,beauty,cod,560020,kept,1
o01197,serum,beauty,cod,395053,kept,1
o01198,serum,beauty,cod,110021,kept,1
o01199,serum,beauty,cod,110021,kept,1
o01200,serum,beauty,prepaid,110033,kept,1
o01201,romper,kids,cod,560051,kept,1
o01202,romper,kids,prepaid,360086,returned,1
o01203,romper,kids,cod,395044,kept,1
o01204,romper,kids,cod,560091,kept,1
o01205,romper,kids,prepaid,395041,kept,1
o01206,romper,kids,cod,560020,kept,1
o01207,romper,kids,cod,700031,kept,1
o01208,romper,kids,cod,560015,kept,1
o01209,romper,kids,cod,360010,kept,1
o01210,romper,kids,prepaid,560054,kept,1
o01211,romper,kids,cod,360078,kept,1
o01212,romper,kids,cod,360081,kept,0
o01213,romper,kids,prepaid,110097,kept,0
o01214,romper,kids,cod,110041,kept,1
o01215,romper,kids,cod,110012,kept,0
o01216,romper,kids,cod,395011,kept,1
o01217,romper,kids,cod,560078,kept,1
o01218,romper,kids,prepaid,560096,kept,1
o01219,romper,kids,prepaid,560032,kept,1
o01220,romper,kids,prepaid,110034,kept,1
o01221,romper,kids,cod,110097,rto,0
o01222,romper,kids,cod,700090,rto,1
o01223,romper,kids,prepaid,110014,kept,1
o01224,romper,kids,prepaid,360091,kept,1
o01225,romper,kids,prepaid,700034,kept,1
o01226,romper,kids,cod,395085,kept,1
o01227,romper,kids,cod,360076,kept,1
o01228,romper,kids,cod,700088,returned,1
o01229,romper,kids,cod,395051,kept,1
o01230,romper,kids,prepaid,560073,kept,1
o01231,romper,kids,prepaid,110063,kept,1
o01232,romper,kids,cod,700013,kept,0
o01233,romper,kids,cod,360035,kept,1
o01234,romper,kids,cod,560065,returned,1
o01235,romper,kids,cod,110041,kept,1
o01236,romper,kids,cod,110076,returned,1
o01237,romper,kids,prepaid,395090,kept,1
o01238,romper,kids,cod,560050,kept,1
o01239,romper,kids,cod,560017,returned,1
o01240,romper,kids,cod,395081,rto,1
o01241,romper,kids,prepaid,560039,kept,1
o01242,romper,kids,prepaid,560064,kept,1
o01243,romper,kids,cod,395068,kept,1
o01244,romper,kids,cod,395085,returned,1
o01245,romper,kids,cod,110055,kept,1
o01246,romper,kids,prepaid,395017,kept,1
o01247,romper,kids,cod,110049,kept,1
o01248,romper,kids,cod,700053,kept,1
o01249,romper,kids,prepaid,360017,kept,1
o01250,romper,kids,prepaid,110035,returned,0
o01251,romper,kids,cod,360095,returned,1
o01252,romper,kids,cod,700082,kept,0
o01253,romper,kids,cod,560015,kept,1
o01254,romper,kids,prepaid,560089,kept,1
o01255,romper,kids,cod,560036,kept,1
o01256,romper,kids,prepaid,395019,rto,1
o01257,romper,kids,cod,700056,kept,1
o01258,romper,kids,cod,110032,kept,1
o01259,romper,kids,cod,110022,returned,1
o01260,romper,kids,cod,395053,kept,0
o01261,romper,kids,cod,360077,kept,0
o01262,romper,kids,prepaid,395025,kept,1
o01263,romper,kids,prepaid,560098,kept,1
o01264,romper,kids,cod,395088,kept,1
o01265,romper,kids,prepaid,360016,kept,1
o01266,romper,kids,cod,700072,kept,1
o01267,romper,kids,cod,395031,kept,1
o01268,romper,kids,prepaid,560076,kept,1
o01269,romper,kids,cod,560070,kept,1
o01270,romper,kids,cod,395036,kept,1
o01271,romper,kids,cod,110064,kept,1
o01272,romper,kids,cod,700020,kept,1
o01273,romper,kids,cod,700015,kept,1
o01274,romper,kids,cod,560057,kept,1
o01275,romper,kids,cod,360043,kept,1
o01276,romper,kids,cod,700075,rto,1
o01277,romper,kids,cod,395019,kept,1
o01278,romper,kids,cod,110048,kept,1
o01279,romper,kids,prepaid,700027,kept,0
o01280,romper,kids,prepaid,395048,kept,1
o01281,romper,kids,cod,700093,kept,1
o01282,romper,kids,cod,560039,kept,1
o01283,romper,kids,prepaid,700069,kept,1
o01284,romper,kids,cod,360064,kept,1
o01285,romper,kids,cod,700013,kept,1
o01286,romper,kids,cod,395073,kept,1
o01287,romper,kids,prepaid,560098,kept,1
o01288,romper,kids,cod,395027,rto,1
o01289,romper,kids,prepaid,700087,kept,1
o01290,romper,kids,cod,395078,kept,1
o01291,romper,kids,cod,110021,kept,1
o01292,romper,kids,cod,700072,kept,1
o01293,romper,kids,cod,360039,kept,1
o01294,romper,kids,cod,395031,kept,1
o01295,romper,kids,prepaid,360078,kept,1
o01296,romper,kids,prepaid,360026,kept,1
o01297,romper,kids,cod,360087,kept,1
o01298,romper,kids,cod,560045,kept,1
o01299,romper,kids,prepaid,700041,kept,1
o01300,romper,kids,prepaid,700015,kept,1
o01301,romper,kids,cod,110060,kept,1
o01302,romper,kids,prepaid,700065,kept,1
o01303,romper,kids,prepaid,560099,kept,0
o01304,romper,kids,cod,700047,kept,1
o01305,romper,kids,cod,560062,kept,0
o01306,romper,kids,cod,395074,returned,1
o01307,romper,kids,cod,700015,kept,1
o01308,romper,kids,cod,560053,kept,1
o01309,romper,kids,prepaid,395027,returned,1
o01310,romper,kids,prepaid,700094,returned,1
o01311,romper,kids,prepaid,360031,kept,1
o01312,romper,kids,cod,560031,kept,1
o01313,romper,kids,prepaid,110032,kept,1
o01314,romper,kids,cod,395091,kept,1
o01315,romper,kids,cod,560098,kept,1
o01316,romper,kids,cod,560035,rto,0
o01317,romper,kids,cod,560013,returned,0
o01318,romper,kids,cod,360022,kept,1
o01319,romper,kids,prepaid,560075,kept,1
o01320,romper,kids,cod,360079,kept,1
o01321,romper,kids,cod,110032,kept,1
o01322,romper,kids,cod,360068,rto,1
o01323,romper,kids,cod,395018,kept,1
o01324,romper,kids,cod,395078,kept,1
o01325,romper,kids,prepaid,395086,kept,1
o01326,romper,kids,cod,360052,kept,1
o01327,romper,kids,prepaid,560018,kept,1
o01328,romper,kids,cod,360074,kept,1
o01329,romper,kids,prepaid,395049,kept,1
o01330,romper,kids,cod,360057,returned,1
o01331,romper,kids,cod,360086,kept,0
o01332,romper,kids,cod,110092,kept,1
o01333,romper,kids,cod,110013,kept,1
o01334,romper,kids,prepaid,395095,kept,0
o01335,romper,kids,prepaid,560076,kept,1
o01336,romper,kids,cod,560018,rto,0
o01337,romper,kids,cod,360021,kept,1
o01338,romper,kids,cod,700020,kept,1
o01339,romper,kids,cod,560032,kept,1
o01340,romper,kids,cod,360044,kept,1
o01341,romper,kids,cod,560031,kept,1
o01342,romper,kids,cod,360071,kept,1
o01343,romper,kids,cod,110086,kept,1
o01344,romper,kids,cod,110068,kept,1
o01345,romper,kids,cod,560035,kept,1
o01346,romper,kids,cod,700057,rto,1
o01347,romper,kids,prepaid,110059,kept,1
o01348,romper,kids,cod,395025,kept,1
o01349,romper,kids,cod,110054,kept,1
o01350,romper,kids,cod,560064,kept,1
o01351,romper,kids,cod,110090,rto,1
o01352,romper,kids,cod,700068,kept,0
o01353,romper,kids,cod,360011,kept,1
o01354,romper,kids,cod,700020,kept,1
o01355,romper,kids,cod,110098,kept,1
o01356,romper,kids,prepaid,110062,kept,1
o01357,romper,kids,prepaid,700054,kept,1
o01358,romper,kids,cod,110010,kept,0
o01359,romper,kids,prepaid,395099,rto,1
o01360,romper,kids,cod,360057,kept,1
o01361,romper,kids,cod,395067,kept,1
o01362,romper,kids,cod,360043,kept,0
o01363,romper,kids,prepaid,395091,kept,1
o01364,romper,kids,cod,110013,kept,1
o01365,romper,kids,cod,395044,kept,1
o01366,romper,kids,cod,395037,kept,1
o01367,romper,kids,cod,110072,kept,1
o01368,romper,kids,cod,110050,kept,1
o01369,romper,kids,prepaid,395055,kept,1
o01370,romper,kids,prepaid,560027,rto,1
o01371,romper,kids,cod,360057,kept,1
o01372,romper,kids,cod,360010,kept,0
o01373,romper,kids,prepaid,110015,returned,0
o01374,romper,kids,prepaid,560061,kept,1
o01375,romper,kids,prepaid,560094,kept,1
o01376,romper,kids,prepaid,360028,kept,1
o01377,romper,kids,prepaid,395026,kept,1
o01378,romper,kids,cod,560031,kept,1
o01379,romper,kids,prepaid,360037,kept,1
o01380,romper,kids,prepaid,395030,kept,0
o01381,romper,kids,cod,110095,kept,1
o01382,romper,kids,prepaid,700091,kept,1
o01383,romper,kids,cod,700086,kept,1
o01384,romper,kids,cod,560093,kept,1
o01385,romper,kids,cod,360043,kept,1
o01386,romper,kids,cod,700034,rto,1
o01387,romper,kids,cod,560083,kept,1
o01388,romper,kids,cod,560064,kept,1
o01389,romper,kids,cod,700094,kept,1
o01390,romper,kids,cod,560050,kept,1
o01391,romper,kids,prepaid,560028,kept,1
o01392,romper,kids,cod,395086,kept,1
o01393,romper,kids,cod,700071,kept,1
o01394,romper,kids,cod,395052,kept,1
o01395,romper,kids,prepaid,360099,kept,1
o01396,romper,kids,prepaid,560048,kept,0
o01397,romper,kids,cod,700060,kept,1
o01398,romper,kids,cod,560019,kept,1
o01399,romper,kids,cod,700060,kept,1
o01400,romper,kids,cod,395048,kept,1
o01401,romper,kids,cod,110028,kept,1
o01402,romper,kids,prepaid,110083,kept,1
o01403,romper,kids,prepaid,560096,kept,1
o01404,romper,kids,prepaid,360016,kept,1
o01405,romper,kids,cod,360090,kept,1
o01406,romper,kids,cod,110098,kept,1
o01407,romper,kids,cod,395069,kept,1
o01408,romper,kids,cod,110011,kept,1
o01409,romper,kids,cod,700038,kept,1
o01410,romper,kids,cod,395085,kept,1
o01411,romper,kids,cod,700026,kept,1
o01412,romper,kids,cod,360061,kept,1
o01413,romper,kids,cod,700072,kept,1
o01414,romper,kids,prepaid,395036,kept,0
o01415,romper,kids,prepaid,360010,kept,1
o01416,romper,kids,prepaid,360093,kept,1
o01417,romper,kids,cod,395074,returned,1
o01418,romper,kids,prepaid,395041,kept,1
o01419,romper,kids,prepaid,700066,kept,1
o01420,romper,kids,cod,110087,kept,1
o01421,romper,kids,cod,395040,rto,1
o01422,romper,kids,cod,360087,kept,1
o01423,romper,kids,cod,560019,kept,1
o01424,romper,kids,cod,560020,kept,0
o01425,romper,kids,cod,360019,kept,1
o01426,romper,kids,cod,110082,kept,1
o01427,romper,kids,prepaid,360050,kept,0
o01428,romper,kids,cod,700041,rto,1
o01429,romper,kids,cod,395052,kept,1
o01430,romper,kids,cod,360045,kept,1
o01431,romper,kids,cod,395025,kept,1
o01432,romper,kids,prepaid,560022,kept,1
o01433,romper,kids,prepaid,700022,kept,1
o01434,romper,kids,cod,110096,kept,0
o01435,romper,kids,cod,560085,kept,1
o01436,romper,kids,cod,360028,kept,1
o01437,romper,kids,prepaid,110041,kept,1
o01438,romper,kids,cod,110069,kept,1
o01439,romper,kids,cod,360049,kept,1
o01440,romper,kids,cod,395091,kept,1
o01441,romper,kids,prepaid,395020,kept,1
o01442,romper,kids,cod,560096,kept,1
o01443,romper,kids,prepaid,700099,kept,1
o01444,romper,kids,cod,395064,kept,1
o01445,romper,kids,prepaid,700097,kept,1
o01446,romper,kids,cod,700038,kept,1
o01447,romper,kids,cod,395064,kept,1
o01448,romper,kids,cod,360079,kept,1
o01449,romper,kids,prepaid,110037,kept,1
o01450,romper,kids,cod,700014,kept,0
o01451,romper,kids,prepaid,395088,returned,1
o01452,romper,kids,cod,360061,kept,1
o01453,romper,kids,cod,700029,returned,1
o01454,romper,kids,prepaid,110038,rto,1
o01455,romper,kids,cod,700044,kept,1
o01456,romper,kids,cod,110065,kept,1
o01457,romper,kids,prepaid,110015,kept,1
o01458,romper,kids,cod,360071,returned,0
o01459,romper,kids,prepaid,560097,kept,1
o01460,romper,kids,cod,700059,kept,1
o01461,romper,kids,prepaid,110074,kept,1
o01462,romper,kids,cod,110064,rto,0
o01463,romper,kids,prepaid,560020,kept,1
o01464,romper,kids,cod,360045,kept,1
o01465,romper,kids,prepaid,560035,kept,1
o01466,romper,kids,prepaid,700033,kept,1
o01467,romper,kids,prepaid,395026,kept,1
o01468,romper,kids,cod,395088,kept,1
o01469,romper,kids,prepaid,360038,kept,1
o01470,romper,kids,cod,110024,kept,1
o01471,romper,kids,cod,110016,kept,1
o01472,romper,kids,cod,110070,kept,1
o01473,romper,kids,cod,560056,kept,1
o01474,romper,kids,cod,360052,kept,1
o01475,romper,kids,prepaid,700057,kept,1
o01476,romper,kids,cod,395026,returned,1
o01477,romper,kids,cod,360034,rto,1
o01478,romper,kids,prepaid,110048,kept,1
o01479,romper,kids,prepaid,395026,kept,1
o01480,romper,kids,cod,700054,kept,1
o01481,romper,kids,cod,395071,kept,1
o01482,romper,kids,prepaid,700045,returned,1
o01483,romper,kids,cod,700017,rto,1
o01484,romper,kids,cod,700075,kept,0
o01485,romper,kids,cod,560061,kept,1
o01486,romper,kids,cod,700037,rto,1
o01487,romper,kids,cod,700077,kept,1
o01488,romper,kids,prepaid,395031,kept,1
o01489,romper,kids,cod,110027,kept,1
o01490,romper,kids,prepaid,360078,kept,1
o01491,romper,kids,cod,110020,kept,0
o01492,romper,kids,prepaid,700047,kept,1
o01493,romper,kids,cod,360045,kept,1
o01494,romper,kids,prepaid,700023,kept,1
o01495,romper,kids,cod,700080,kept,1
o01496,romper,kids,cod,560029,kept,1
o01497,romper,kids,prepaid,560021,kept,1
o01498,romper,kids,cod,700072,kept,0
o01499,romper,kids,cod,360060,kept,1
o01500,romper,kids,cod,560092,kept,0
o01501,romper,kids,cod,395087,kept,1
o01502,romper,kids,cod,395026,returned,1
o01503,romper,kids,cod,395011,kept,0
o01504,romper,kids,cod,395035,kept,1
o01505,romper,kids,prepaid,110052,kept,1
o01506,romper,kids,cod,700025,kept,1
o01507,romper,kids,cod,560028,kept,1
o01508,romper,kids,cod,110093,kept,1
o01509,romper,kids,prepaid,395072,kept,1
o01510,romper,kids,cod,110055,rto,1
o01511,romper,kids,cod,395015,kept,1
o01512,romper,kids,cod,560029,kept,1
o01513,romper,kids,cod,395044,kept,0
o01514,romper,kids,cod,395010,kept,1
o01515,romper,kids,prepaid,360059,kept,1
o01516,romper,kids,prepaid,395083,kept,1
o01517,romper,kids,prepaid,360033,kept,1
o01518,romper,kids,cod,560087,kept,1
o01519,romper,kids,cod,360059,kept,1
o01520,romper,kids,cod,360059,kept,1
o01521,romper,kids,prepaid,360099,kept,1
o01522,romper,kids,cod,110081,kept,1
o01523,romper,kids,cod,110027,kept,1
o01524,romper,kids,cod,560041,kept,1
o01525,romper,kids,cod,360058,kept,1
o01526,romper,kids,cod,395094,returned,1
o01527,romper,kids,cod,360056,kept,1
o01528,romper,kids,cod,560029,rto,1
o01529,romper,kids,cod,110070,kept,1
o01530,romper,kids,cod,110024,kept,1
o01531,romper,kids,prepaid,700030,kept,1
o01532,romper,kids,prepaid,700043,kept,0
o01533,romper,kids,cod,360044,kept,0
o01534,romper,kids,cod,360061,kept,1
o01535,romper,kids,cod,700087,kept,1
o01536,romper,kids,prepaid,560058,kept,1
o01537,romper,kids,prepaid,395023,kept,1
o01538,romper,kids,cod,110030,returned,1
o01539,romper,kids,cod,110034,kept,1
o01540,romper,kids,cod,110020,rto,0
o01541,romper,kids,cod,395016,kept,1
o01542,romper,kids,prepaid,110046,rto,0
o01543,romper,kids,cod,110026,kept,1
o01544,romper,kids,cod,395074,kept,1
o01545,romper,kids,cod,700014,kept,1
o01546,romper,kids,cod,395039,kept,1
o01547,romper,kids,prepaid,360074,kept,1
o01548,romper,kids,prepaid,110067,kept,1
o01549,romper,kids,cod,560015,kept,1
o01550,romper,kids,prepaid,700087,kept,1
o01551,romper,kids,cod,395028,kept,1
o01552,romper,kids,cod,395073,kept,1
o01553,romper,kids,cod,110083,kept,1
o01554,romper,kids,cod,110070,kept,0
o01555,romper,kids,prepaid,395082,kept,1
o01556,romper,kids,cod,700097,kept,1
o01557,romper,kids,cod,110020,kept,1
o01558,romper,kids,cod,395089,kept,0
o01559,romper,kids,cod,700011,kept,1
o01560,romper,kids,cod,395038,kept,1
o01561,romper,kids,cod,560069,rto,1
o01562,romper,kids,prepaid,395060,returned,1
o01563,romper,kids,cod,700072,kept,1
o01564,romper,kids,prepaid,700029,kept,0
o01565,romper,kids,cod,700058,kept,1
o01566,romper,kids,prepaid,360016,kept,1
o01567,romper,kids,cod,110091,kept,1
o01568,romper,kids,cod,560063,returned,1
o01569,romper,kids,cod,395064,kept,1
o01570,romper,kids,prepaid,560071,kept,1
o01571,romper,kids,cod,110098,kept,1
o01572,romper,kids,prepaid,360019,kept,1
o01573,romper,kids,cod,110011,kept,1
o01574,romper,kids,cod,395096,kept,1
o01575,romper,kids,cod,560026,rto,1
o01576,romper,kids,cod,360063,returned,1
o01577,romper,kids,prepaid,360034,kept,0
o01578,romper,kids,cod,110012,rto,1
o01579,romper,kids,cod,560093,kept,0
o01580,romper,kids,cod,560076,kept,0
o01581,romper,kids,cod,110032,kept,1
o01582,romper,kids,cod,560091,kept,1
o01583,romper,kids,cod,395023,kept,1
o01584,romper,kids,cod,700079,kept,1
o01585,romper,kids,cod,110063,returned,1
o01586,romper,kids,prepaid,560025,kept,1
o01587,romper,kids,prepaid,560010,kept,0
o01588,romper,kids,prepaid,110049,kept,1
o01589,romper,kids,prepaid,560014,kept,1
o01590,romper,kids,cod,700050,kept,1
o01591,romper,kids,prepaid,560034,kept,1
o01592,romper,kids,cod,700064,rto,1
o01593,romper,kids,cod,110076,kept,1
o01594,romper,kids,cod,395090,kept,1
o01595,romper,kids,cod,700030,kept,0
o01596,romper,kids,cod,560011,rto,1
o01597,romper,kids,cod,700020,rto,1
o01598,romper,kids,cod,110033,kept,1
o01599,romper,kids,prepaid,360058,kept,1
o01600,romper,kids,cod,395091,kept,0
o01601,vase,decor,prepaid,395023,kept,1
o01602,vase,decor,cod,110036,returned,1
o01603,vase,decor,cod,395072,rto,0
o01604,vase,decor,cod,110091,kept,0
o01605,vase,decor,prepaid,360094,returned,1
o01606,vase,decor,cod,110054,rto,1
o01607,vase,decor,cod,110025,kept,1
o01608,vase,decor,cod,700029,rto,1
o01609,vase,decor,cod,360038,returned,1
o01610,vase,decor,cod,360021,kept,1
o01611,vase,decor,cod,560065,kept,1
o01612,vase,decor,cod,110060,kept,1
o01613,vase,decor,prepaid,360072,kept,1
o01614,vase,decor,cod,110089,kept,1
o01615,vase,decor,cod,395067,kept,1
o01616,vase,decor,cod,110087,kept,1
o01617,vase,decor,cod,395024,kept,1
o01618,vase,decor,cod,395037,kept,1
o01619,vase,decor,cod,110098,kept,1
o01620,vase,decor,cod,360081,kept,1
o01621,vase,decor,cod,700045,kept,1
o01622,vase,decor,prepaid,700092,kept,1
o01623,vase,decor,prepaid,360016,kept,1
o01624,vase,decor,cod,395067,kept,1
o01625,vase,decor,cod,110012,kept,1
o01626,vase,decor,prepaid,110026,kept,1
o01627,vase,decor,cod,395053,kept,1
o01628,vase,decor,cod,560048,rto,1
o01629,vase,decor,prepaid,110073,kept,1
o01630,vase,decor,cod,395057,kept,0
o01631,vase,decor,cod,360023,kept,0
o01632,vase,decor,prepaid,395034,kept,1
o01633,vase,decor,prepaid,395098,kept,1
o01634,vase,decor,cod,110019,kept,1
o01635,vase,decor,cod,360027,kept,1
o01636,vase,decor,cod,700062,kept,1
o01637,vase,decor,cod,560094,kept,1
o01638,vase,decor,cod,395043,kept,1
o01639,vase,decor,prepaid,360094,kept,1
o01640,vase,decor,prepaid,560017,returned,1
o01641,vase,decor,cod,560023,kept,1
o01642,vase,decor,prepaid,110049,kept,1
o01643,vase,decor,cod,360038,kept,0
o01644,vase,decor,cod,360061,kept,1
o01645,vase,decor,cod,700092,kept,1
o01646,vase,decor,cod,395068,kept,1
o01647,vase,decor,cod,110025,kept,0
o01648,vase,decor,cod,700065,kept,1
o01649,vase,decor,cod,560064,kept,1
o01650,vase,decor,cod,700073,kept,1
o01651,vase,decor,cod,360024,rto,1
o01652,vase,decor,cod,110040,rto,1
o01653,vase,decor,cod,560060,kept,1
o01654,vase,decor,cod,560036,kept,1
o01655,vase,decor,cod,110010,kept,1
o01656,vase,decor,cod,110098,kept,1
o01657,vase,decor,cod,360052,rto,1
o01658,vase,decor,cod,560064,rto,1
o01659,vase,decor,cod,395086,returned,1
o01660,vase,decor,cod,360070,rto,1
o01661,vase,decor,prepaid,360077,kept,1
o01662,vase,decor,prepaid,110067,kept,1
o01663,vase,decor,cod,110056,kept,1
o01664,vase,decor,prepaid,700094,kept,1
o01665,vase,decor,prepaid,700091,kept,1
o01666,vase,decor,prepaid,360055,kept,1
o01667,vase,decor,cod,110036,kept,1
o01668,vase,decor,cod,110090,kept,1
o01669,vase,decor,prepaid,700032,kept,1
o01670,vase,decor,cod,560045,kept,1
o01671,vase,decor,cod,700025,kept,1
o01672,vase,decor,cod,110024,kept,0
o01673,vase,decor,cod,360076,kept,0
o01674,vase,decor,cod,110018,kept,1
o01675,vase,decor,cod,110085,rto,1
o01676,vase,decor,cod,110094,rto,1
o01677,vase,decor,cod,700095,kept,0
o01678,vase,decor,cod,360035,kept,1
o01679,vase,decor,prepaid,110041,returned,1
o01680,vase,decor,cod,395043,kept,0
o01681,vase,decor,cod,110084,kept,1
o01682,vase,decor,prepaid,360048,kept,1
o01683,vase,decor,cod,360058,kept,1
o01684,vase,decor,prepaid,110074,kept,0
o01685,vase,decor,prepaid,560062,kept,1
o01686,vase,decor,prepaid,560021,rto,1
o01687,vase,decor,cod,700057,kept,1
o01688,vase,decor,cod,560026,kept,1
o01689,vase,decor,cod,560016,kept,1
o01690,vase,decor,cod,700022,kept,1
o01691,vase,decor,cod,395084,kept,1
o01692,vase,decor,prepaid,360081,kept,1
o01693,vase,decor,cod,360048,kept,1
o01694,vase,decor,prepaid,700098,kept,1
o01695,vase,decor,cod,700022,kept,1
o01696,vase,decor,cod,700066,rto,1
o01697,vase,decor,prepaid,360040,kept,1
o01698,vase,decor,cod,700025,kept,1
o01699,vase,decor,cod,360031,kept,1
o01700,vase,decor,cod,110095,kept,1
o01701,vase,decor,cod,560099,kept,1
o01702,vase,decor,cod,110068,kept,1
o01703,vase,decor,cod,700066,returned,1
o01704,vase,decor,prepaid,560045,kept,1
o01705,vase,decor,cod,360054,kept,0
o01706,vase,decor,cod,360055,kept,1
o01707,vase,decor,cod,360045,kept,1
o01708,vase,decor,cod,560058,returned,0
o01709,vase,decor,cod,700094,kept,1
o01710,vase,decor,cod,110084,kept,1
o01711,vase,decor,cod,360039,rto,1
o01712,vase,decor,cod,360040,kept,1
o01713,vase,decor,prepaid,560018,kept,1
o01714,vase,decor,cod,395066,rto,1
o01715,vase,decor,cod,110023,kept,1
o01716,vase,decor,cod,360035,kept,1
o01717,vase,decor,cod,360065,kept,1
o01718,vase,decor,prepaid,395036,kept,1
o01719,vase,decor,cod,560082,rto,1
o01720,vase,decor,cod,700073,kept,1
o01721,vase,decor,cod,110089,kept,1
o01722,vase,decor,prepaid,560019,kept,1
o01723,vase,decor,cod,560039,kept,1
o01724,vase,decor,cod,110042,rto,1
o01725,vase,decor,cod,110019,kept,1
o01726,vase,decor,cod,110061,kept,1
o01727,vase,decor,cod,110093,kept,1
o01728,vase,decor,cod,395027,kept,1
o01729,vase,decor,prepaid,395040,kept,1
o01730,vase,decor,prepaid,395054,kept,0
o01731,vase,decor,prepaid,395080,kept,1
o01732,vase,decor,cod,560074,kept,1
o01733,vase,decor,cod,360012,kept,0
o01734,vase,decor,cod,700058,kept,1
o01735,vase,decor,prepaid,560099,returned,1
o01736,vase,decor,prepaid,395088,kept,0
o01737,vase,decor,cod,395040,kept,1
o01738,vase,decor,cod,700082,kept,1
o01739,vase,decor,prepaid,395019,kept,1
o01740,vase,decor,cod,700093,kept,1
o01741,vase,decor,prepaid,395094,kept,1
o01742,vase,decor,cod,110038,kept,1
o01743,vase,decor,cod,360077,kept,1
o01744,vase,decor,cod,110062,kept,1
o01745,vase,decor,cod,360076,kept,1
o01746,vase,decor,prepaid,360014,kept,0
o01747,vase,decor,cod,395012,kept,1
o01748,vase,decor,cod,395017,kept,1
o01749,vase,decor,cod,560066,kept,1
o01750,vase,decor,cod,395094,kept,1
o01751,vase,decor,cod,700053,returned,0
o01752,vase,decor,prepaid,395053,kept,1
o01753,vase,decor,cod,395023,kept,1
o01754,vase,decor,prepaid,700069,kept,1
o01755,vase,decor,prepaid,560069,kept,1
o01756,vase,decor,prepaid,110020,returned,0
o01757,vase,decor,prepaid,395088,kept,1
o01758,vase,decor,cod,700011,kept,1
o01759,vase,decor,cod,360066,kept,1
o01760,vase,decor,cod,560091,kept,1
o01761,vase,decor,cod,395045,rto,1
o01762,vase,decor,cod,110045,kept,1
o01763,vase,decor,cod,700093,kept,1
o01764,vase,decor,cod,700066,rto,1
o01765,vase,decor,cod,110042,returned,1
o01766,vase,decor,prepaid,395086,kept,1
o01767,vase,decor,cod,395040,kept,1
o01768,vase,decor,cod,395092,kept,1
o01769,vase,decor,cod,700056,rto,1
o01770,vase,decor,cod,110089,kept,1
o01771,vase,decor,cod,700013,kept,1
o01772,vase,decor,cod,700084,kept,1
o01773,vase,decor,prepaid,360058,kept,1
o01774,vase,decor,cod,360082,kept,1
o01775,vase,decor,cod,395077,kept,1
o01776,vase,decor,cod,110044,kept,1
o01777,vase,decor,cod,110039,kept,1
o01778,vase,decor,prepaid,560056,kept,1
o01779,vase,decor,cod,110093,rto,1
o01780,vase,decor,cod,360078,kept,1
o01781,vase,decor,prepaid,700043,kept,1
o01782,vase,decor,cod,700028,kept,1
o01783,vase,decor,cod,560011,kept,1
o01784,vase,decor,cod,560022,kept,1
o01785,vase,decor,cod,395026,kept,1
o01786,vase,decor,cod,360061,kept,1
o01787,vase,decor,cod,110085,kept,1
o01788,vase,decor,cod,110067,returned,0
o01789,vase,decor,cod,560099,kept,1
o01790,vase,decor,cod,700020,kept,1
o01791,vase,decor,cod,560058,kept,1
o01792,vase,decor,cod,395039,kept,1
o01793,vase,decor,cod,700075,kept,1
o01794,vase,decor,cod,360028,kept,1
o01795,vase,decor,prepaid,560076,kept,1
o01796,vase,decor,prepaid,360025,kept,1
o01797,vase,decor,cod,110087,kept,1
o01798,vase,decor,prepaid,360080,kept,1
o01799,vase,decor,prepaid,395079,rto,1
o01800,vase,decor,cod,110036,kept,1
o01801,vase,decor,prepaid,360068,kept,1
o01802,vase,decor,cod,560065,kept,1
o01803,vase,decor,cod,395055,kept,1
o01804,vase,decor,prepaid,360074,returned,1
o01805,vase,decor,cod,395098,kept,1
o01806,vase,decor,prepaid,700050,kept,1
o01807,vase,decor,cod,395041,kept,1
o01808,vase,decor,cod,110070,kept,1
o01809,vase,decor,prepaid,360091,kept,1
o01810,vase,decor,prepaid,395065,kept,1
o01811,vase,decor,cod,560098,kept,1
o01812,vase,decor,cod,560077,kept,1
o01813,vase,decor,cod,110095,kept,1
o01814,vase,decor,prepaid,560047,kept,1
o01815,vase,decor,cod,110063,kept,0
o01816,vase,decor,cod,560050,kept,1
o01817,vase,decor,cod,560072,kept,1
o01818,vase,decor,cod,110074,rto,1
o01819,vase,decor,prepaid,110043,kept,1
o01820,vase,decor,cod,110016,kept,1
o01821,vase,decor,prepaid,110067,kept,1
o01822,vase,decor,cod,395088,kept,1
o01823,vase,decor,cod,395058,kept,1
o01824,vase,decor,prepaid,700018,kept,1
o01825,vase,decor,cod,360078,kept,1
o01826,vase,decor,prepaid,110052,kept,1
o01827,vase,decor,cod,395077,returned,1
o01828,vase,decor,cod,110013,kept,1
o01829,vase,decor,prepaid,395058,kept,1
o01830,vase,decor,cod,395019,kept,1
o01831,vase,decor,prepaid,395079,kept,1
o01832,vase,decor,cod,360087,kept,1
o01833,vase,decor,prepaid,110045,kept,1
o01834,vase,decor,cod,560047,kept,1
o01835,vase,decor,cod,110099,kept,1
o01836,vase,decor,cod,560060,rto,0
o01837,vase,decor,prepaid,700013,kept,1
o01838,vase,decor,cod,110052,kept,1
o01839,vase,decor,cod,700031,rto,1
o01840,vase,decor,prepaid,560088,returned,1
o01841,vase,decor,cod,395073,kept,1
o01842,vase,decor,cod,110098,kept,1
o01843,vase,decor,cod,360081,rto,1
o01844,vase,decor,cod,110069,kept,1
o01845,vase,decor,cod,395023,kept,1
o01846,vase,decor,cod,700025,returned,1
o01847,vase,decor,cod,560073,returned,1
o01848,vase,decor,prepaid,700063,kept,1
o01849,vase,decor,cod,110076,kept,1
o01850,vase,decor,prepaid,110076,kept,1
o01851,vase,decor,prepaid,700042,kept,1
o01852,vase,decor,cod,360031,kept,1
o01853,vase,decor,prepaid,560032,rto,1
o01854,vase,decor,cod,360035,kept,1
o01855,vase,decor,cod,560086,returned,1
o01856,vase,decor,cod,395034,kept,1
o01857,vase,decor,prepaid,110057,kept,1
o01858,vase,decor,cod,360019,kept,1
o01859,vase,decor,cod,700023,kept,1
o01860,vase,decor,cod,700085,kept,1
o01861,vase,decor,prepaid,560036,kept,1
o01862,vase,decor,prepaid,700028,kept,1
o01863,vase,decor,cod,395016,rto,1
o01864,vase,decor,prepaid,110074,kept,1
o01865,vase,decor,cod,560055,kept,1
o01866,vase,decor,cod,360031,kept,0
o01867,vase,decor,prepaid,700066,kept,1
o01868,vase,decor,prepaid,560093,kept,1
o01869,vase,decor,cod,110064,kept,1
o01870,vase,decor,cod,560057,kept,1
o01871,vase,decor,prepaid,560056,rto,1
o01872,vase,decor,cod,110042,kept,1
o01873,vase,decor,cod,560060,kept,1
o01874,vase,decor,cod,700013,kept,1
o01875,vase,decor,prepaid,560032,kept,1
o01876,vase,decor,prepaid,395057,kept,1
o01877,vase,decor,prepaid,360020,kept,1
o01878,vase,decor,prepaid,395050,kept,1
o01879,vase,decor,cod,700012,kept,1
o01880,vase,decor,cod,360085,kept,1
o01881,vase,decor,cod,560063,rto,1
o01882,vase,decor,cod,700028,rto,1
o01883,vase,decor,cod,360098,kept,1
o01884,vase,decor,cod,395049,kept,1
o01885,vase,decor,cod,395082,kept,0
o01886,vase,decor,cod,395033,kept,1
o01887,vase,decor,cod,360011,rto,1
o01888,vase,decor,cod,360049,rto,1
o01889,vase,decor,cod,360049,kept,1
o01890,vase,decor,prepaid,110062,kept,1
o01891,vase,decor,cod,110043,kept,1
o01892,vase,decor,cod,110092,kept,1
o01893,vase,decor,prepaid,700059,kept,1
o01894,vase,decor,cod,110036,kept,1
o01895,vase,decor,prepaid,110021,kept,1
o01896,vase,decor,cod,395076,kept,1
o01897,vase,decor,cod,110082,kept,1
o01898,vase,decor,cod,395090,rto,1
o01899,vase,decor,prepaid,110092,kept,0
o01900,vase,decor,cod,700033,kept,1
o01901,vase,decor,cod,560061,kept,1
o01902,vase,decor,cod,560096,kept,1
o01903,vase,decor,cod,700023,kept,1
o01904,vase,decor,prepaid,395030,kept,1
o01905,vase,decor,prepaid,700035,kept,0
o01906,vase,decor,cod,395021,kept,1
o01907,vase,decor,prepaid,360068,kept,1
o01908,vase,decor,cod,395033,kept,1
o01909,vase,decor,cod,360029,rto,1
o01910,vase,decor,prepaid,110022,kept,1
o01911,vase,decor,cod,560069,kept,1
o01912,vase,decor,prepaid,360061,kept,1
o01913,vase,decor,prepaid,560086,kept,1
o01914,vase,decor,cod,700013,kept,1
o01915,vase,decor,cod,110074,kept,1
o01916,vase,decor,cod,360027,kept,1
o01917,vase,decor,cod,560093,kept,1
o01918,vase,decor,cod,560014,kept,1
o01919,vase,decor,prepaid,700023,kept,1
o01920,vase,decor,cod,560011,kept,1
o01921,vase,decor,cod,395072,kept,1
o01922,vase,decor,cod,560043,returned,1
o01923,vase,decor,cod,700057,kept,1
o01924,vase,decor,prepaid,395032,kept,0
o01925,vase,decor,cod,360010,kept,1
o01926,vase,decor,prepaid,700068,kept,1
o01927,vase,decor,cod,560068,rto,1
o01928,vase,decor,prepaid,110096,kept,1
o01929,vase,decor,prepaid,110063,kept,1
o01930,vase,decor,cod,110014,kept,1
o01931,vase,decor,cod,360028,kept,1
o01932,vase,decor,cod,700041,kept,0
o01933,vase,decor,prepaid,700068,kept,1
o01934,vase,decor,cod,700091,rto,1
o01935,vase,decor,cod,110091,kept,1
o01936,vase,decor,cod,110093,rto,1
o01937,vase,decor,cod,360083,kept,1
o01938,vase,decor,cod,360098,kept,1
o01939,vase,decor,cod,560045,kept,1
o01940,vase,decor,prepaid,700061,kept,0
o01941,vase,decor,cod,395063,kept,1
o01942,vase,decor,cod,110022,kept,1
o01943,vase,decor,cod,110087,returned,1
o01944,vase,decor,cod,560070,kept,0
o01945,vase,decor,cod,560029,kept,1
o01946,vase,decor,prepaid,560042,kept,1
o01947,vase,decor,cod,560081,returned,0
o01948,vase,decor,cod,110047,kept,1
o01949,vase,decor,cod,700031,kept,1
o01950,vase,decor,cod,110081,kept,1
o01951,vase,decor,prepaid,560087,kept,0
o01952,vase,decor,cod,395083,kept,1
o01953,vase,decor,prepaid,560080,kept,1
o01954,vase,decor,prepaid,110056,kept,1
o01955,vase,decor,cod,110074,kept,1
o01956,vase,decor,cod,560046,kept,1
o01957,vase,decor,cod,110010,kept,1
o01958,vase,decor,cod,395059,kept,1
o01959,vase,decor,cod,395089,kept,1
o01960,vase,decor,cod,700062,returned,0
o01961,vase,decor,cod,560097,kept,1
o01962,vase,decor,cod,560080,kept,1
o01963,vase,decor,cod,360032,kept,1
o01964,vase,decor,prepaid,395013,kept,1
o01965,vase,decor,cod,360032,kept,0
o01966,vase,decor,cod,110030,kept,1
o01967,vase,decor,prepaid,560076,kept,0
o01968,vase,decor,prepaid,110078,kept,1
o01969,vase,decor,prepaid,395066,kept,1
o01970,vase,decor,prepaid,395056,kept,1
o01971,vase,decor,prepaid,395023,kept,1
o01972,vase,decor,cod,395031,kept,1
o01973,vase,decor,cod,560036,kept,1
o01974,vase,decor,cod,560041,kept,1
o01975,vase,decor,cod,560099,kept,1
o01976,vase,decor,cod,360028,rto,1
o01977,vase,decor,cod,110049,kept,0
o01978,vase,decor,cod,560096,kept,1
o01979,vase,decor,prepaid,110059,kept,1
o01980,vase,decor,cod,360084,kept,1
o01981,vase,decor,cod,700061,kept,1
o01982,vase,decor,prepaid,700074,kept,1
o01983,vase,decor,cod,360077,kept,1
o01984,vase,decor,cod,395053,kept,1
o01985,vase,decor,cod,395093,kept,1
o01986,vase,decor,cod,395077,kept,1
o01987,vase,decor,prepaid,395052,returned,1
o01988,vase,decor,cod,700020,kept,0
o01989,vase,decor,cod,110033,kept,1
o01990,vase,decor,cod,560032,kept,1
o01991,vase,decor,cod,360018,kept,0
o01992,vase,decor,cod,360084,kept,1
o01993,vase,decor,cod,395050,rto,1
o01994,vase,decor,cod,560035,kept,1
o01995,vase,decor,cod,395084,kept,1
o01996,vase,decor,prepaid,360085,kept,1
o01997,vase,decor,cod,560086,returned,1
o01998,vase,decor,cod,110092,kept,1
o01999,vase,decor,prepaid,700074,kept,1
o02000,vase,decor,cod,560010,kept,1
